-- phpMyAdmin SQL Dump
-- version 5.1.1
-- https://www.phpmyadmin.net/
--
-- Máy chủ: 127.0.0.1
-- Thời gian đã tạo: Th12 11, 2021 lúc 01:42 AM
-- Phiên bản máy phục vụ: 10.4.21-MariaDB
-- Phiên bản PHP: 7.4.24

SET SQL_MODE = "NO_AUTO_VALUE_ON_ZERO";
START TRANSACTION;
SET time_zone = "+00:00";


/*!40101 SET @OLD_CHARACTER_SET_CLIENT=@@CHARACTER_SET_CLIENT */;
/*!40101 SET @OLD_CHARACTER_SET_RESULTS=@@CHARACTER_SET_RESULTS */;
/*!40101 SET @OLD_COLLATION_CONNECTION=@@COLLATION_CONNECTION */;
/*!40101 SET NAMES utf8mb4 */;

--
-- Cơ sở dữ liệu: `dulich`
--

-- --------------------------------------------------------

--
-- Cấu trúc bảng cho bảng `comment`
--

CREATE TABLE `comment` (
  `id` int(11) NOT NULL,
  `id_user` varchar(100) COLLATE utf8_unicode_ci NOT NULL,
  `id_post` int(11) NOT NULL,
  `cmt` text COLLATE utf8_unicode_ci NOT NULL
) ENGINE=InnoDB DEFAULT CHARSET=utf8 COLLATE=utf8_unicode_ci;

--
-- Đang đổ dữ liệu cho bảng `comment`
--

INSERT INTO `comment` (`id`, `id_user`, `id_post`, `cmt`) VALUES
(59, 'tanchan679@gmail.com', 13, '<p>gfgfd</p>'),
(81, 'admin', 14, '<p>dgf</p>'),
(82, 'admin', 14, '<p>gfdgfd</p>'),
(83, 'admin', 14, '<p>Test nhe cai cmt</p><p>&nbsp;</p>');

-- --------------------------------------------------------

--
-- Cấu trúc bảng cho bảng `comment_travelviewing`
--

CREATE TABLE `comment_travelviewing` (
  `id` int(11) NOT NULL,
  `id_user` varchar(1000) COLLATE utf32_unicode_ci NOT NULL,
  `id_post` int(11) NOT NULL,
  `cmt` text COLLATE utf32_unicode_ci NOT NULL
) ENGINE=InnoDB DEFAULT CHARSET=utf32 COLLATE=utf32_unicode_ci;

--
-- Đang đổ dữ liệu cho bảng `comment_travelviewing`
--

INSERT INTO `comment_travelviewing` (`id`, `id_user`, `id_post`, `cmt`) VALUES
(1, 'admin', 4, 'test cmt'),
(2, 'admin', 4, '<p>Thu cmt</p>'),
(3, 'admin', 4, '<p>haha</p>'),
(4, 'admin', 3, '<p>hfh</p>'),
(5, 'admin', 3, '<p>dhgfhfjg</p>'),
(6, 'admin', 3, '<p>dhgfhfjg</p>'),
(7, 'admin', 3, '<p>dhgfhfjg</p>'),
(8, 'admin', 4, '<p>dasdasds</p>');

-- --------------------------------------------------------

--
-- Cấu trúc bảng cho bảng `posts`
--

CREATE TABLE `posts` (
  `id` int(11) NOT NULL,
  `name` varchar(2000) COLLATE utf32_unicode_ci NOT NULL,
  `avatar` varchar(10000) COLLATE utf32_unicode_ci NOT NULL,
  `posts` text COLLATE utf32_unicode_ci NOT NULL
) ENGINE=InnoDB DEFAULT CHARSET=utf32 COLLATE=utf32_unicode_ci;

--
-- Đang đổ dữ liệu cho bảng `posts`
--

INSERT INTO `posts` (`id`, `name`, `avatar`, `posts`) VALUES
(13, '10 Best Vietnamese Food', './upload/image/gt7.jpg', '<p>Vietnamese food is known to be both healthy and robust in flavour, thanks its generous combination of fresh herbs and greens, paired with rice, noodles, seafood, pork and beef. While many cities such as Hanoi and Ho Chi Minh City offer plenty of fine-dining venues and five-star hotel restaurants decked out in extravagant settings, some of the best (and most authentic) Vietnamese delicacies are actually found at roadside eateries, vibrant street markets, and humble-looking restaurants.<br />\r\n&nbsp;<br />\r\nA typical meal includes rice or noodles, a meat or seafood dish, a vegetable dish, soup and nuoc cham (fermented fish sauce) for dipping, each of which can easily customised according to your preference. Here&rsquo;s a helpful guide on what to eat in Vietnam, most of which can be enjoyed just about any time of the day. While most are familiar with pho or spring rolls, there&rsquo;s a wide range of Vietnamese dishes only available in certain regions so be sure to try them out during your visit.</p>\r\n\r\n<p>Most Booked<br />\r\n<strong>HOTELS</strong></p>\r\n\r\n<p>Rating</p>\r\n\r\n<ol>\r\n	<li>\r\n	<p><a href=\"javascript:void(0);\" rel=\"nofollow\" target=\"\">Brilliant Hotel</a>4.4/ 5</p>\r\n	</li>\r\n	<li>\r\n	<p><a href=\"javascript:void(0);\" rel=\"nofollow\" target=\"\">Hotel Nikko Saigon</a>4.6/ 5</p>\r\n	</li>\r\n	<li>\r\n	<p><a href=\"javascript:void(0);\" rel=\"nofollow\" target=\"\">Hanoi La Siesta Hotel Trendy</a>4.8/ 5</p>\r\n	</li>\r\n	<li>\r\n	<p><a href=\"javascript:void(0);\" rel=\"nofollow\" target=\"\">Hanoi Royal Palace Hotel 2</a>4.4/ 5</p>\r\n	</li>\r\n	<li>\r\n	<p><a href=\"javascript:void(0);\" rel=\"nofollow\" target=\"\">EdenStar Saigon Hotel &amp; Spa</a>4.2/ 5</p>\r\n	</li>\r\n	<li>\r\n	<p><a href=\"javascript:void(0);\" rel=\"nofollow\" target=\"\">Bay Hotel Ho Chi Minh</a>4.1/ 5</p>\r\n	</li>\r\n	<li>\r\n	<p><a href=\"javascript:void(0);\" rel=\"nofollow\" target=\"\">Helios Legend Hotel</a>4.5/ 5</p>\r\n	</li>\r\n	<li>\r\n	<p><a href=\"javascript:void(0);\" rel=\"nofollow\" target=\"\">Caravelle Saigon</a>4.5/ 5</p>\r\n	</li>\r\n	<li>\r\n	<p><a href=\"javascript:void(0);\" rel=\"nofollow\" target=\"\">Diamond Sea Hotel</a>4.3/ 5</p>\r\n	</li>\r\n	<li>\r\n	<p><a href=\"javascript:void(0);\" rel=\"nofollow\" target=\"\">Grandvrio City Danang By Route Inn Group</a>4.5/ 5</p>\r\n	</li>\r\n</ol>\r\n\r\n<p>Most Booked<br />\r\n<strong>TOURS</strong></p>\r\n\r\n<ol>\r\n	<li><a href=\"javascript:void(0);\" rel=\"nofollow\" target=\"\">Small-Group Halong Bay Day Cruise</a></li>\r\n	<li><a href=\"javascript:void(0);\" rel=\"nofollow\" target=\"\">Small-Group Saigon Night Tour &amp; Dinner Cruise</a></li>\r\n	<li><a href=\"javascript:void(0);\" rel=\"nofollow\" target=\"\">Local Flavors Food Walking Tour</a></li>\r\n	<li><a href=\"javascript:void(0);\" rel=\"nofollow\" target=\"\">Small-Group Full-Day Mekong Delta Cruise</a></li>\r\n	<li><a href=\"javascript:void(0);\" rel=\"nofollow\" target=\"\">Small-Group Half-Day Tour of Cu Chi Tunnels</a></li>\r\n	<li><a href=\"javascript:void(0);\" rel=\"nofollow\" target=\"\">Half-Day Cu Chi Tunnels Tour</a></li>\r\n	<li><a href=\"javascript:void(0);\" rel=\"nofollow\" target=\"\">Mekong Delta, My Tho &amp; Ben Tre Tour</a></li>\r\n	<li><a href=\"javascript:void(0);\" rel=\"nofollow\" target=\"\">Halong Bay Full-Day Boat Cruise</a></li>\r\n	<li><a href=\"javascript:void(0);\" rel=\"nofollow\" target=\"\">Cu Chi Tunnels Excursion</a></li>\r\n	<li><a href=\"javascript:void(0);\" rel=\"nofollow\" target=\"\">Small-Group Half-Day Ho Chi Minh City Tour</a></li>\r\n</ol>\r\n\r\n<p>1</p>\r\n\r\n<h2>Pho</h2>\r\n\r\n<p>&nbsp;</p>\r\n\r\n<p>Pho is essentially Vietnam&rsquo;s signature dish, comprising rice noodles in a flavourful soup with meat and various greens, plus a side of nuoc cham (fermented fish) or chilli sauce. A basic bowl contains tai (beef slices), bo vien (beef meatballs) or nam (beef flank), topped with bean sprouts, lime wedges, and fresh herbs such as basil, mint, cilantro, and onions. Depending on the restaurant or roadside stall, you can also opt for more exotic ingredients such as gan (beef tendon), sach (thinly-sliced pig stomach), and ve don (flank with cartilage). Typically eaten for breakfast, pho is priced between VND 20,000 and VND 30,000 at a local restaurant or street market in Vietnam.</p>\r\n\r\n<p>2</p>\r\n\r\n<h2>Banh Mi</h2>\r\n\r\n<p>&nbsp;</p>\r\n\r\n<p>Banh mi is a unique French-Vietnamese sandwich that&rsquo;s great for when you&rsquo;re in need of a quick meal. Priced between VND 10,000 and VND 15,000, it consists of a toasted baguette sandwich, pickled vegetables, pate, butter, soy sauce, cilantro, chillies, and hot peppers. Most banh mi sellers also offer a wide range of meat fillings, including heo quay (roasted pork belly), trung op la (fried egg), thit nuong (grilled pork loin), cha ca (fried fish with turmeric and dill), cha lua (boiled sausages), xa xiu (Chinese barbecued pork), and thit ga (poached chicken).</p>\r\n\r\n<p>3</p>\r\n\r\n<h2>Banh Xeo (Crispy Pancake)</h2>\r\n\r\n<p>&nbsp;</p>\r\n\r\n<p>Similar to a crepe or pancake, banh xeo is made of rice flour, coconut milk, and turmeric, which you can fill it with vermicelli noodles, chicken, pork or beef slices, shrimps, sliced onions, beansprouts, and mushrooms. Most roadside stalls, local markets, and restaurants sell a platter of banh xeo for about VND 15,000 to VND 25,000, which usually comes with a side of fresh lettuce or rice papers. Eat like a local by wrapping your banh xeo in mustard leaf, lettuce leaves or rice papers together with nem lui (lemongrass pork skewers), mint leaves, basil, before dipping in fermented peanut sauce.</p>\r\n\r\n<p>4</p>\r\n\r\n<h2>Goi Cuon (Vietnamese Fresh Spring Rolls)</h2>\r\n\r\n<p>&nbsp;</p>\r\n\r\n<p>Goi cuon (Vietnamese fresh spring rolls) consist of thin vermicelli noodles, pork slices, shrimp, basil, and lettuce, all tightly wrapped in translucent banh trang (rice papers). Due to its subtle flavour, goi cuon is usually dipped into ground chillies and a hoisin-based dipping sauce topped with crushed peanuts. This popular snack or appetiser is also a healthier alternative to cha gio, which is a deep-fried egg roll made with a combination of mung bean noodles, minced pork, and various spices.</p>\r\n\r\n<p>5</p>\r\n\r\n<h2>Mi Quang (Vietnamese Turmeric Noodles)</h2>\r\n\r\n<p>&nbsp;</p>\r\n\r\n<p>Mi quang may be available at most restaurants in Vietnam, but it actually originates from Da Nang. Easily distinguished by its yellow-coloured rice noodles, this dish is a hearty mix of bone broth seasoned with fish sauce, black pepper, shallot, and garlic, as well as meaty ingredients such as river shrimp, boiled quails eggs, and roast pork. As with most Vietnamese dishes, mi quang also comes with a variety of herbs, including basil, peanuts, coriander, lettuce, sliced banana flowers, and sesame rice crackers.</p>\r\n\r\n<p>6</p>\r\n\r\n<h2>Bun Thit Nuong (Vermicelli Noodles With Grilled Pork)</h2>\r\n\r\n<p>&nbsp;</p>\r\n\r\n<p>Bun thit nuong comprises thin vermicelli rice noodles, chopped lettuce, sliced cucumber, bean sprouts, pickled daikon, basil, chopped peanuts, and mint, topped with grilled pork shoulder. Unlike most noodle dishes, it doesn&rsquo;t come in a soup or broth, but with a side of nuoc cham sauce for diners to mix into for a flavourful ensemble. While bun thit nuong is quite filling on its own, you can also try another variation called bun thit nuong cha gio, which is topped with sliced cha gio (deep-fried Vietnamese spring rolls).</p>\r\n\r\n<p>7</p>\r\n\r\n<h2>Com Tam (Broken Rice)</h2>\r\n\r\n<p>&nbsp;</p>\r\n\r\n<p>Com tam literally translate to &lsquo;broken rice&rsquo; in Vietnamese, and is traditionally served with fried egg, diced green onions, and a variety of meats. While it&rsquo;s a popular choice for breakfast or lunch, it can be enjoyed any time of the day as it is relatively inexpensive, with street markets and roadside food stalls selling for about VND 20,000 per bowl. Toppings options include suon nuong (barbecued pork chop), bi (shredded pork skin), and cha trung (steamed pork and egg patty). Com tam also comes with a side of pickled vegetables, cucumber slices, and nuoc cham Vietnamese dipping sauce.</p>\r\n\r\n<p>8</p>\r\n\r\n<h2>Banh Cuon (Rolled Cake)</h2>\r\n\r\n<p>&nbsp;</p>\r\n\r\n<p>Also known as rolled cake, banh cuon is great for when you&rsquo;re feeling peckish whilst sightseeing in Vietnam. A combination of ground meat (chicken, shrimp, or pork), minced wood ear mushroom, onions, Vietnamese ham (cha lua), steamed beansprouts, and cucumbers that&rsquo;s wrapped in a steamed rice flour sheet, its overall taste is surprisingly mild despite the savoury ingredients. For added flavour, you can dip the banh cuon into nuoc cham sauce. Due to its popularity amongst travellers, you can easily spot plenty of roadside vendors selling banh cuon close to tourist sights and nightlife districts.</p>\r\n\r\n<p>9</p>\r\n\r\n<h2>Xoi Xeo (Sweet Sticky Rice)</h2>\r\n\r\n<p>&nbsp;</p>\r\n\r\n<p>Xoi xeo is a sweet-savoury Vietnamese snack that&rsquo;s typically topped with green mung bean paste, soy sauce, and dried shallots. For a more substantial meal, many restaurants now offer a variety of ingredients such as pate, boiled chicken, cha lua (Vietnamese ham), marinated pork belly, or preserved eggs. A basic bowl typically costs VND 15,000, while add-ins range between VND 15,000 and VND 30,000. Xoi xeo can also be enjoyed for dessert, which consists of dried coconut shavings, roasted sesame seeds, and crystallised sugar.</p>\r\n\r\n<p>10</p>\r\n\r\n<h2>Ca Kho To (Caramelised Fish in Clay Pot)</h2>\r\n\r\n<p>&nbsp;</p>\r\n\r\n<p>Ca kho to is a must try if you&rsquo;re a fan of fish, consisting of a catfish fillet that&rsquo;s braised and served in a clay pot. Mostly available in cities in southern Vietnam, particularly Ho Chi Minh, this dish is prepared by slicing a whole catfish into fillets before caramelising it in a thick gravy made with a combination of soy sauce, fish sauce, sugar, shallots, garlic, and various spices and seasonings. Ca kho to is known for its intense sweet-salty flavour, so this dish is always served with a plate of white rice and fresh greens.</p>\r\n');

-- --------------------------------------------------------

--
-- Cấu trúc bảng cho bảng `slide`
--

CREATE TABLE `slide` (
  `id_slide` int(11) NOT NULL,
  `tenslide` int(11) NOT NULL,
  `thutu` int(11) NOT NULL,
  `trangthai` int(11) NOT NULL
) ENGINE=InnoDB DEFAULT CHARSET=utf8mb4;

-- --------------------------------------------------------

--
-- Cấu trúc bảng cho bảng `tbl_admin`
--

CREATE TABLE `tbl_admin` (
  `id_admin` int(11) NOT NULL,
  `username` varchar(100) NOT NULL,
  `password` varchar(100) NOT NULL,
  `admin_status` int(11) NOT NULL
) ENGINE=InnoDB DEFAULT CHARSET=utf8mb4;

--
-- Đang đổ dữ liệu cho bảng `tbl_admin`
--

INSERT INTO `tbl_admin` (`id_admin`, `username`, `password`, `admin_status`) VALUES
(1, 'tran', '25f9e794323b453885f5181f1b624d0b', 1);

-- --------------------------------------------------------

--
-- Cấu trúc bảng cho bảng `tbl_baiviet`
--

CREATE TABLE `tbl_baiviet` (
  `id` int(11) NOT NULL,
  `tenbaiviet` varchar(255) NOT NULL,
  `tomtat` mediumtext NOT NULL,
  `noidung` longtext NOT NULL,
  `id_danhmuc` int(11) NOT NULL,
  `tinhtrang` int(11) NOT NULL,
  `hinhanh` varchar(255) NOT NULL
) ENGINE=InnoDB DEFAULT CHARSET=utf8mb4;

--
-- Đang đổ dữ liệu cho bảng `tbl_baiviet`
--

INSERT INTO `tbl_baiviet` (`id`, `tenbaiviet`, `tomtat`, `noidung`, `id_danhmuc`, `tinhtrang`, `hinhanh`) VALUES
(10, 'Mộc Châu - Mai Châu - Hòa Bình - Hà Nội', '<p>Khởi h&agrave;nh&nbsp;<strong>19/12/2021</strong></p>\r\n\r\n<p>Thời gian&nbsp;<strong>4 ng&agrave;y</strong></p>\r\n\r\n<p>Nơi khởi h&agrave;nh&nbsp;<strong>TP. Hồ Ch&iacute; Minh</strong></p>\r\n\r\n<p>Số chỗ c&ograve;n nhận&nbsp;<strong>6</strong></p>\r\n', '<p><strong>Trải nghiệm dịch vụ nghỉ dưỡng Mai Chau Hideaway resort, hệ thống kh&aacute;ch sạn Mường Thanh Đi thuyền tr&ecirc;n l&ograve;ng s&ocirc;ng Đ&agrave; ho&agrave;ng h&ocirc;n tr&ecirc;n vịnh Ng&ograve;i Hoa,... H&ograve;a m&igrave;nh v&agrave;o kh&ocirc;ng gian xanh của cao nguy&ecirc;n Mộc Ch&acirc;u, h&iacute;t thở kh&ocirc;ng kh&iacute; trong l&agrave;nh của v&ugrave;ng cao T&acirc;y bắc.</strong></p>\r\n\r\n<p><img alt=\"image\" src=\"https://media.travel.com.vn/tour/tfd_211208092234_401664.jpg\" /></p>\r\n\r\n<p><img alt=\"image\" src=\"https://media.travel.com.vn/tour/tfd_211208092519_985427.jpg\" /></p>\r\n\r\n<p><img alt=\"image\" src=\"https://media.travel.com.vn/tour/tfd_211208092624_962304.jpg\" /></p>\r\n\r\n<p><img alt=\"image\" src=\"https://media.travel.com.vn/tour/tfd_211208092905_509185.jpg\" /></p>\r\n\r\n<p>&nbsp;</p>\r\n', 9, 1, '1639036348_tfd_211208092624_962304.jpg'),
(11, 'Hà Nội - Hạ Long - Yên Tử', '<p>Khởi h&agrave;nh&nbsp;<strong>19/12/2021</strong></p>\r\n\r\n<p>Thời gian&nbsp;<strong>4 ng&agrave;y</strong></p>\r\n\r\n<p>Nơi khởi h&agrave;nh&nbsp;<strong>TP. Hồ Ch&iacute; Minh</strong></p>\r\n\r\n<p>Số chỗ c&ograve;n nhận&nbsp;<strong>6</strong></p>\r\n', '<h1>&nbsp;</h1>\r\n\r\n<p><img alt=\"image\" src=\"https://media.travel.com.vn/tour/tfd_211207023319_694974.jpg\" /></p>\r\n\r\n<p><img alt=\"image\" src=\"https://media.travel.com.vn/tour/tfd_211207023437_089893.jpg\" /></p>\r\n\r\n<p><img alt=\"image\" src=\"https://media.travel.com.vn/tour/tfd_211207023554_164912.jpg\" /></p>\r\n\r\n<p><img alt=\"image\" src=\"https://media.travel.com.vn/tour/tfd_211207023733_162112.jpg\" /></p>\r\n\r\n<p>Đi t&agrave;u kh&aacute;m ph&aacute; Vịnh Hạ Long với hệ thống hang động đ&aacute; v&ocirc;i h&ugrave;ng vĩ nhưng kh&ocirc;ng k&eacute;m phần n&ecirc;n thơ, quyến rũ. Chinh phục đỉnh thi&ecirc;ng 1068m v&agrave; viếng ngồi ch&ugrave;a Đồng lớn nhất Việt Nam.</p>\r\n', 9, 1, '1639036483_kh.jpg'),
(12, 'Hội An -Đà Nẵng', '<p>Khởi h&agrave;nh <strong>25/12/2021</strong></p>\r\n\r\n<p>Thời gian&nbsp;<strong>4 ng&agrave;y</strong></p>\r\n\r\n<p>Nơi khởi h&agrave;nh&nbsp;<strong>TP. Hồ Ch&iacute; Minh</strong></p>\r\n\r\n<p>Số chỗ c&ograve;n nhận&nbsp;<strong>6</strong></p>\r\n', '<h3>Hội An</h3>\r\n\r\n<p><img alt=\"TOP 10 điểm du lịch Việt Nam không nên bỏ lỡ 9\" sizes=\"(max-width: 800px) 100vw, 800px\" src=\"https://dulichhanoi.vn/wp-content/uploads/2021/12/Top-10-diem-du-lich-Viet-Nam-7.jpg\" srcset=\"https://dulichhanoi.vn/wp-content/uploads/2021/12/Top-10-diem-du-lich-Viet-Nam-7.jpg 800w, https://dulichhanoi.vn/wp-content/uploads/2021/12/Top-10-diem-du-lich-Viet-Nam-7-300x207.jpg 300w, https://dulichhanoi.vn/wp-content/uploads/2021/12/Top-10-diem-du-lich-Viet-Nam-7-768x529.jpg 768w\" width=\"800\" /></p>\r\n\r\n<p>Từng được Unesco c&ocirc;ng nhận l&agrave; di sản văn h&oacute;a thế giới (năm 2000), Hội An l&agrave; một trong những nơi hiếm hoi c&ograve;n s&oacute;t lại v&agrave; được bảo tồn, duy tr&igrave; sự cổ k&iacute;nh của những c&ocirc;ng tr&igrave;nh kiến tr&uacute;c h&agrave;ng trăm năm tuổi giữa bộn bề hiện đại.</p>\r\n\r\n<p>N&eacute;t độc đ&aacute;o v&agrave; vẹn nguy&ecirc;n của phố cổ n&agrave;y kh&ocirc;ng chỉ thể hiện ở những ng&ocirc;i nh&agrave;, h&agrave;ng qu&aacute;n, những n&eacute;t kiến tr&uacute;c hiện h&igrave;nh m&agrave; c&ograve;n được thể hiện qua văn ho&aacute;, t&iacute;n ngưỡng, những lễ hội hay n&eacute;t ẩm thực ri&ecirc;ng biệt. Tới với Hội An, người ta được đến với một nơi đầy thăng trầm, đầy tĩnh lặng nhưng cũng đầy hấp dẫn v&agrave; thu h&uacute;t.</p>\r\n\r\n<h3>Đ&agrave; Nẵng</h3>\r\n\r\n<p><img alt=\"TOP 10 điểm du lịch Việt Nam không nên bỏ lỡ \" sizes=\"(max-width: 800px) 100vw, 800px\" src=\"https://dulichhanoi.vn/wp-content/uploads/2021/12/Top-10-diem-du-lich-Viet-Nam-5.jpg\" srcset=\"https://dulichhanoi.vn/wp-content/uploads/2021/12/Top-10-diem-du-lich-Viet-Nam-5.jpg 800w, https://dulichhanoi.vn/wp-content/uploads/2021/12/Top-10-diem-du-lich-Viet-Nam-5-300x225.jpg 300w, https://dulichhanoi.vn/wp-content/uploads/2021/12/Top-10-diem-du-lich-Viet-Nam-5-768x576.jpg 768w\" width=\"800\" /></p>\r\n\r\n<p>Kh&ocirc;ng chỉ nổi tiếng l&agrave; một trong những th&agrave;nh phố đ&aacute;ng sống nhất Việt Nam, Đ&agrave; Nẵng c&ograve;n l&agrave; nơi c&oacute; b&atilde;i biển được tạp ch&iacute; Forbes b&igrave;nh chọn l&agrave; một trong 6 b&atilde;i biển quyến rũ nhất h&agrave;nh tinh với vẻ đẹp quyến rũ v&agrave; sạch nhất. Ấn tượng lớn nhất của du kh&aacute;ch khi tới đ&acirc;y kh&ocirc;ng phải l&agrave; những B&agrave; N&agrave;, Cầu V&agrave;ng hay b&aacute;n đảo Sơn Tr&agrave;&hellip; những&nbsp;<em><strong><a href=\"https://dulichhanoi.vn/nhung-dia-diem-du-lich-da-nang-hap-dan\" target=\"_blank\">điểm du lịch Đ&agrave; Nẵng nổi tiếng</a></strong></em>&nbsp;m&agrave; sự th&acirc;n thiện, dễ mến v&agrave; nhiệt t&igrave;nh của người d&acirc;n.</p>\r\n\r\n<p>Một điểm cộng kh&aacute;c đ&oacute; l&agrave; Đ&agrave; Nẵng c&oacute; rất nhiều m&oacute;n ăn ngon v&agrave; đa dạng, kh&ocirc;ng qu&aacute; x&ocirc; bồ v&agrave; n&aacute;o nhiệt n&ecirc;n rất th&iacute;ch hợp cho những chuyến đi trải nghiệm, nghỉ ngơi v&agrave; kh&aacute;m ph&aacute;.</p>\r\n', 9, 1, '1639036747_HA.jpg'),
(13, 'Phan Thiết ', '<p>Khởi h&agrave;nh&nbsp;<strong>31/12/2021</strong></p>\r\n\r\n<p>Thời gian&nbsp;<strong>3 ng&agrave;y</strong></p>\r\n\r\n<p>Nơi khởi h&agrave;nh&nbsp;<strong>TP. Hồ Ch&iacute; Minh</strong></p>\r\n\r\n<p>Số chỗ c&ograve;n nhận&nbsp;<strong>9</strong></p>\r\n', '<h1>Phan Thiết - Mũi N&eacute; - B&agrave;u Trắng&nbsp;</h1>\r\n\r\n<p>&nbsp;</p>\r\n\r\n<p><img alt=\"TOP 10 điểm du lịch Việt Nam không nên bỏ lỡ 12\" sizes=\"(max-width: 800px) 100vw, 800px\" src=\"https://dulichhanoi.vn/wp-content/uploads/2021/12/Top-10-diem-du-lich-Viet-Nam-10.jpg\" srcset=\"https://dulichhanoi.vn/wp-content/uploads/2021/12/Top-10-diem-du-lich-Viet-Nam-10.jpg 800w, https://dulichhanoi.vn/wp-content/uploads/2021/12/Top-10-diem-du-lich-Viet-Nam-10-300x225.jpg 300w, https://dulichhanoi.vn/wp-content/uploads/2021/12/Top-10-diem-du-lich-Viet-Nam-10-768x575.jpg 768w\" width=\"800\" /></p>\r\n\r\n<p><strong>Phan Thiết l&agrave; điểm du lịch c&aacute;ch TP. Hồ Ch&iacute; Minh kh&ocirc;ng xa, n&ecirc;n rất th&iacute;ch hợp cho gia đ&igrave;nh, bạn b&egrave; nghỉ dưỡng cuối tuần. Nơi đ&acirc;y c&oacute; c&aacute;c b&atilde;i biển xanh hoang vu, đặc biệt c&aacute;c b&atilde;i c&aacute;t d&agrave;i như sa mạc v&agrave; c&aacute;c l&agrave;ng ch&agrave;i xứ biển đậm chất Việt Nam.</strong></p>\r\n\r\n<p><strong>Ngo&agrave;i ra Phan Thiết c&ograve;n hấp dẫn du kh&aacute;ch bởi c&aacute;c di t&iacute;ch văn h&oacute;a lịch sử đ&atilde; h&igrave;nh th&agrave;nh l&acirc;u đời v&agrave; được g&igrave;n giữ qua h&agrave;ng trăm năm lịch sử. Tới đ&acirc;y bạn sẽ được t&igrave;m hiểu v&agrave; chi&ecirc;m ngưỡng những c&ocirc;ng tr&igrave;nh kiến tr&uacute;c cổ của người Chăm, Kinh, Hoa&hellip; m&agrave; ti&ecirc;u biểu l&agrave; c&aacute;c khu di t&iacute;ch Th&aacute;p Chăm, ch&ugrave;a &Ocirc;ng, th&aacute;p Nước, ch&ugrave;a B&agrave; Thi&ecirc;n Hậu&hellip;. c&oacute; gi&aacute; văn h&oacute;a, lịch sử h&agrave;ng trăm năm tuổi</strong></p>\r\n\r\n<p><img alt=\"image\" src=\"https://media.travel.com.vn/tour/tfd_211105120528_495437.jpg\" /></p>\r\n\r\n<p><img alt=\"image\" src=\"https://media.travel.com.vn/tour/tfd_211105120653_191269.jpg\" /></p>\r\n\r\n<p><img alt=\"image\" src=\"https://media.travel.com.vn/destination/dc_200915_PHAN%20THIET%20(1).jpg\" /></p>\r\n\r\n<p><strong>Mũi N&eacute;, Phan Thiết nổi tiếng với những b&atilde;i c&aacute;t trắng trải d&agrave;i tr&ecirc;n mặt biển xanh biếc v&agrave; những h&agrave;ng dừa cao v&uacute;t, đặc biệt tới đ&acirc;y bạn sẽ được thưởng thức những m&oacute;n ăn ngon v&agrave; nổi tiếng của người v&ugrave;ng đất ven biển v&ocirc; c&ugrave;ng xinh đẹp n&agrave;y. Nơi đ&acirc;y c&ograve;n nổi tiếng l&agrave; khu nghỉ dưỡng bởi hệ thống kh&aacute;ch sạn v&agrave; resort ven biển, l&agrave; nơi nghỉ ngơi cuối tuần cho cả gia đ&igrave;nh đầy th&uacute; vị với một số thắng cảnh như B&agrave;u Sen &ndash; B&agrave;u Trắng, Suối Hồng, Đồi C&aacute;t Bay, hay muốn t&igrave;m hiểu về lịch sử c&oacute; thể t&igrave;m về trường Dục Thanh, th&agrave;nh phố Phan Thiết&hellip; H&atilde;y đồng h&agrave;nh c&ugrave;ng Vietravel kh&aacute;m ph&aacute; h&agrave;nh tr&igrave;nh th&uacute; vị n&agrave;y bạn nh&eacute;.</strong></p>\r\n', 9, 1, '1639037207_Top-10-diem-du-lich-Viet-Nam-10.jpg'),
(14, 'Kinh nghiệm du lịch Đà Nẵng', '<p><strong>Đ&agrave; Nẵng l&agrave; th&agrave;nh phố thuộc v&ugrave;ng duy&ecirc;n hải Nam Trung Bộ, th&agrave;nh phố vừa hiện đại, sạch đẹp vừa y&ecirc;n b&igrave;nh n&agrave;y nổi tiếng với những t&ecirc;n gọi như th&agrave;nh phố đ&aacute;ng sống nhất Việt Nam, th&agrave;nh phố của những chiếc cầu hay th&agrave;nh phố của những b&atilde;i biển. Với chiều d&agrave;i hơn 60km, biển Đ&agrave; Nẵng được tạp ch&iacute; Forbes của Mỹ b&igrave;nh chọn l&agrave; 1 trong 6 b&atilde;i biển quyến rũ nhất h&agrave;nh tinh, đến đ&acirc;y du kh&aacute;ch c&ograve;n được tham quan những thắng cảnh ấn tượng như b&aacute;n đảo Sơn Tr&agrave;, khu du lịch B&agrave; N&agrave; Hills, danh thắng Ngũ H&agrave;nh Sơn&hellip; Ngo&agrave;i ra</strong></p>\r\n', '<h1>&nbsp;</h1>\r\n\r\n<p>&nbsp;</p>\r\n\r\n<p>&nbsp;</p>\r\n\r\n<p>&nbsp;</p>\r\n\r\n<p>&nbsp;</p>\r\n\r\n<h2><strong>Phương tiện đi lại</strong></h2>\r\n\r\n<p>Hiện nay c&oacute; rất nhiều phương tiện đến&nbsp;<a href=\"https://travel.com.vn/du-lich-da-nang.aspx?utm_source=internalbl&amp;utm_medium=click&amp;utm_campaign=ATLinks\" target=\"_blank\">Đ&agrave; Nẵng</a>&nbsp;cho bạn lựa chọn l&agrave; m&aacute;y bay, t&agrave;u hỏa hay xe kh&aacute;ch. Tuy nhi&ecirc;n m&igrave;nh khuy&ecirc;n bạn nếu sắp xếp được thời gian v&agrave; l&ecirc;n lịch cho kỳ nghỉ rồi th&igrave; n&ecirc;n đặt v&eacute; m&aacute;y bay sẽ thuận tiện hơn, c&aacute;ch h&atilde;ng h&agrave;ng kh&ocirc;ng VietJetAir, Jetstar hay Vietnam Airlines thường xuy&ecirc;n c&oacute; chương tr&igrave;nh khuyến m&atilde;i với gi&aacute; cả rất hấp dẫn từ 3 đầu Tp.HCM, H&agrave; Nội v&agrave;&nbsp;<a href=\"https://travel.com.vn/mien-tay/tour-can-tho.aspx?utm_source=internalbl&amp;utm_medium=click&amp;utm_campaign=ATLinks\" target=\"_blank\">Cần Thơ</a>. Từ s&acirc;n bay Đ&agrave; Nẵng về th&agrave;nh phố tầm 6km n&ecirc;n bạn đi xe taxi sẽ rất thuận tiện.</p>\r\n\r\n<p>&nbsp;</p>\r\n\r\n<p>Ngo&agrave;i ra, nếu kh&ocirc;ng đặt được v&eacute; m&aacute;y bay bạn c&oacute; thể đi t&agrave;u hỏa với gi&aacute; cả cũng rất hợp l&yacute; t&ugrave;y theo bạn lựa chọn ghế ngồi hay giường nằm, đặc biệt ga Đ&agrave; Nẵng nằm ngay trung t&acirc;m n&ecirc;n bạn thuận tiện đi lại. C&ograve;n nếu chọn xe kh&aacute;ch th&igrave; bạn dễ d&agrave;ng mua v&eacute; từ bến xe tại TP.HCM hay H&agrave; Nội. Tại th&agrave;nh phố Đ&agrave; Nẵng bạn n&ecirc;n thu&ecirc; xe m&aacute;y đi tham quan v&igrave; khoảng c&aacute;ch c&aacute;c điểm kh&ocirc;ng qu&aacute; xa n&ecirc;n bạn thuận tiện tham quan trong thời gian ở lại đ&acirc;y.</p>\r\n\r\n<h2><strong>N&ecirc;n đi Đ&agrave; Nẵng m&ugrave;a n&agrave;o?</strong></h2>\r\n\r\n<p>Nếu muốn c&oacute; cảm gi&aacute;c se lạnh th&igrave; đến Đ&agrave; Nẵng từ th&aacute;ng 1-3, tuy nhi&ecirc;n cũng kh&ocirc;ng phải qu&aacute; lạnh m&agrave; nhiệt độ chỉ ở ngưỡng vừa phải. C&ograve;n đến v&agrave;o th&aacute;ng 4-5 th&igrave; tuy đ&atilde; chuyển sang h&egrave; nhưng đ&ocirc;i khi vẫn c&ograve;n sương m&ugrave;. Thời điểm đẹp nhất để đến Đ&agrave; Nẵng sẽ l&agrave; th&aacute;ng 6-9 bởi bước v&agrave;o&nbsp;<a href=\"https://travel.com.vn/du-lich-he.aspx?utm_source=internalbl&amp;utm_medium=click&amp;utm_campaign=ATLinks\" target=\"_blank\">m&ugrave;a h&egrave;</a>&nbsp;của miền Trung, trời nắng r&aacute;o v&agrave; biển trong xanh, th&iacute;ch hợp cho chuyến vui chơi dạo biển của bạn.</p>\r\n\r\n<h2><strong>Những điểm n&agrave;o n&ecirc;n tham quan khi đến Đ&agrave; Nẵng&nbsp;</strong></h2>\r\n\r\n<p>Th&agrave;nh phố Đ&agrave; Nẵng nổi tiếng với những b&atilde;i biển đẹp n&ecirc;n đến đ&acirc;y bạn kh&ocirc;ng n&ecirc;n bỏ qua việc ng&acirc;m m&igrave;nh trong c&aacute;c b&atilde;i biển như biển Mỹ Kh&ecirc;, b&atilde;i tắm Xu&acirc;n Thiều, b&atilde;i tắm ở B&aacute;n Đảo Sơn Tr&agrave; hoặc b&atilde;i tắm Non Nước. Ngay khu vực trung t&acirc;m Đ&agrave; Nẵng bạn n&ecirc;n gh&eacute; tham quan bảo t&agrave;ng Đ&agrave; Nẵng trưng b&agrave;y những cổ vật của Chămpa hay tham quan c&ocirc;ng vi&ecirc;n Ch&acirc;u &Aacute; với những tr&ograve; chơi hấp dẫn c&ugrave;ng v&ograve;ng quay mặt trời Sun Wheel hiện l&agrave; 1 trong 10 v&ograve;ng quay lớn nhất thế giới. Đi xa chừng 16km bạn sẽ đến với B&aacute;n đảo Sơn Tr&agrave;, viếng Ch&ugrave;a Linh Ứng, tham quan đỉnh B&agrave;n Cờ, B&atilde;i Bụt, B&atilde;i Bắc, khu&nbsp;<a href=\"https://travel.com.vn/\" target=\"_blank\">du lịch</a>&nbsp;B&atilde;i C&aacute;t V&agrave;ng v&agrave; s&acirc;n bay trực thăng Sơn Tr&agrave;.&nbsp;</p>\r\n\r\n<p>&nbsp;</p>\r\n\r\n<p>Ng&agrave;y h&ocirc;m sau tại Đ&agrave; Nẵng bạn tiếp tục tham quan danh thắng Ngũ H&agrave;nh Sơn c&aacute;ch trung t&acirc;m th&agrave;nh phố Đ&agrave; Nẵng khoảng 12km hướng về&nbsp;<a href=\"https://travel.com.vn/mien-trung/tour-hoi-an.aspx?utm_source=internalbl&amp;utm_medium=click&amp;utm_campaign=ATLinks\" target=\"_blank\">Hội An</a>, sau đ&oacute; về lại th&agrave;nh phố Đ&agrave; Nẵng v&agrave; tiếp tục h&agrave;nh tr&igrave;nh kh&aacute;m ph&aacute; B&agrave; N&agrave; Hills, c&aacute;ch Đ&agrave; Nẵng 30km. Đến B&agrave; N&agrave; bạn kh&ocirc;ng qu&ecirc;n trải nghiệm dịch vụ đi t&agrave;u lửa, tham quan vườn hoa Le Jardin D&#39;Amour v&agrave; khu L&agrave;ng&nbsp;<a href=\"https://travel.com.vn/chau-au/tour-phap.aspx?utm_source=internalbl&amp;utm_medium=click&amp;utm_campaign=ATLinks\" target=\"_blank\">Ph&aacute;p</a>&nbsp;xinh đẹp. Buổi tối tại Đ&agrave; Nẵng th&igrave; đừng qu&ecirc;n trải nghiệm dịch vụ di thuyền tr&ecirc;n s&ocirc;ng H&agrave;n về đ&ecirc;m v&agrave; chi&ecirc;m ngưỡng những c&acirc;y cầu l&agrave;m n&ecirc;n t&ecirc;n tuổi của th&agrave;nh phố Đ&agrave; Nẵng đ&oacute; l&agrave; cầu s&ocirc;ng H&agrave;n, cầu Rồng, cầu Trần Thị L&yacute;, cầu Thuận Phước.</p>\r\n\r\n<h2><strong>Đ&agrave; Nẵng c&oacute; lễ hội g&igrave; đặc sắc?</strong></h2>\r\n\r\n<p>Đ&agrave; Nẵng nổi tiếng với Lễ hội ph&aacute;o hoa Đ&agrave; Nẵng được tổ chức 2 năm một lần, thường được tổ chức v&agrave;o năm lẻ, hoạt động diễn ra v&agrave;o cuối th&aacute;ng 4. Ngo&agrave;i ra, Đ&agrave; Nẵng c&ograve;n c&oacute; Lễ hội đua thuyền diễn ra v&agrave;o th&aacute;ng Gi&ecirc;ng &acirc;m lịch h&agrave;ng năm, lễ hội Cầu Ngư tổ chức sau khi ăn Tết v&agrave; lễ hội Quan Thế &Acirc;m v&agrave;o ng&agrave;y 19.2 &Acirc;m lịch h&agrave;ng năm.</p>\r\n\r\n<h2><strong>Kh&aacute;ch sạn v&agrave; ẩm thực địa phương</strong></h2>\r\n\r\n<p>L&agrave; một th&agrave;nh phố du lịch nổi tiếng n&ecirc;n Đ&agrave; Nẵng được đầu tư rất nhiều về hệ thống giao th&ocirc;ng, dịch vụ du lịch như kh&aacute;ch sạn, nh&agrave; h&agrave;ng. V&igrave; vậy bạn dễ d&agrave;ng t&igrave;m thấy những kh&aacute;ch sạn với mức gi&aacute; phải chăng đến những kh&aacute;ch sạn cao cấp, resort 4-5 sao dọc b&atilde;i biển. Để c&oacute; những lựa chọn tối ưu bạn n&ecirc;n tham khảo th&ocirc;ng tin đ&aacute;nh gi&aacute; tr&ecirc;n Agoda hay Tripadvisor. Ngo&agrave;i ra, nếu muốn thức dậy trong khi kh&iacute; se lạnh v&agrave; trải nghiệm cảm gi&aacute;c thi&ecirc;n nhi&ecirc;n th&igrave; bạn n&ecirc;n đặt 1 đ&ecirc;m ph&ograve;ng tr&ecirc;n B&agrave; N&agrave; Hilss tại kh&aacute;ch sạn Lệ Nim hay khu L&agrave;ng Ph&aacute;p, m&igrave;nh tin cảm gi&aacute;c sẽ rất kh&aacute;c bởi kh&ocirc;ng gian ở đ&acirc;y rất l&atilde;ng mạng v&agrave; n&ecirc;n thơ.&nbsp;</p>\r\n\r\n<p>&nbsp;</p>\r\n\r\n<p>Đ&agrave; Nẵng c&oacute; thể được xem l&agrave; thi&ecirc;n đường của ẩm thực, bởi đến đ&acirc;y bạn kh&ocirc;ng chỉ thưởng thức hải sản tươi sống m&agrave; c&ograve;n ăn được những m&oacute;n ăn độc đ&aacute;o của miền Trung như Mỳ Quảng, b&aacute;nh tr&aacute;ng cuốn thịt heo, b&uacute;n mắm, b&ecirc; thui Cầu Mống, b&uacute;n chả c&aacute;, gỏi c&aacute; Nam &Ocirc;, nem lụi, b&aacute;nh x&egrave;o, b&aacute;nh b&egrave;o &ndash; nậm lọc, b&uacute;n b&ograve;.... Ngo&agrave;i ra, nếu muốn ngắm phong cảnh về đ&ecirc;m của Đ&agrave; Nẵng th&igrave; bạn n&ecirc;n đến Sky Bar cao nhất Việt Nam tại tầng 36 của kh&aacute;ch sạn Novotel Đ&agrave; Nẵng, gi&aacute; cả cũng rất phải chăng với nhiều loại thức uống được phục vụ.</p>\r\n\r\n<h2><strong>Đến Đ&agrave; Nẵng mua g&igrave; về l&agrave;m qu&agrave;?</strong></h2>\r\n\r\n<p>Bạn c&oacute; thể mua c&aacute;c loại hải sản tươi sống hoặc kh&ocirc; như mực, t&ocirc;m, c&aacute; kh&ocirc; tẩm tại chợ Cồn hay chợ H&agrave;n&hellip;C&aacute;c loại b&aacute;nh tr&eacute; B&agrave; Đệ, rong biển Mỹ Kh&ecirc;, nước nắm Nam &Ocirc;ng&hellip;l&agrave; những m&oacute;n qu&agrave; đặc sản du kh&aacute;ch thường mua về l&agrave;m qu&agrave; khi tới Đ&agrave; Nẵng.</p>\r\n\r\n<h2><strong>Những điều lưu &yacute;</strong></h2>\r\n\r\n<p>Th&aacute;ng 10-12 Đ&agrave; Nẵng (v&agrave; miền Trung) bắt đầu v&agrave;o m&ugrave;a mưa, b&atilde;o n&ecirc;n kh&ocirc;ng thuận lợi cho c&aacute;c bạn di chuyển, nếu đến Đ&agrave; Nẵng l&uacute;c n&agrave;y gần như chỉ c&oacute; thể trải nghiệm cảm gi&aacute;c mưa b&atilde;o miền Trung kết hợp với tour kh&aacute;m ph&aacute; ẩm thực Đ&agrave; Nẵng m&agrave; th&ocirc;i. Nhớ l&agrave; mưa miền Trung kh&aacute; dai bạn nh&eacute; c&oacute; thể k&eacute;o d&agrave;i từ s&aacute;ng đến chiều v&agrave; từ th&aacute;ng n&agrave;y qua th&aacute;ng nọ. V&agrave; bạn n&ecirc;n nhớ l&agrave; người d&acirc;n Đ&agrave; Nẵng rất nhiệt t&igrave;nh v&agrave; hiếu kh&aacute;ch n&ecirc;n muốn hỏi đường đi th&igrave; bạn đừng ngần ngại nh&eacute;, họ rất sẵn l&ograve;ng v&agrave; chỉ dẫn tận t&igrave;nh.</p>\r\n', 8, 1, '1639038753_can-canh-ba-na-hill-chon-bong-lai-tien-canh-o-ha-gioi-1.jpg'),
(15, 'Kinh nghiệm du lịch Đà Lạt', '<p><strong>C&aacute;ch th&agrave;nh phố Hồ Ch&iacute; Minh 300km, Đ&agrave; Lạt l&agrave; th&agrave;nh phố l&yacute; tưởng để bạn trốn c&aacute;i n&oacute;ng m&ugrave;a h&egrave; hay tận hưởng cảm gi&aacute;c m&ugrave;a đ&ocirc;ng se lạnh. Đ&agrave; Lạt nổi tiếng với những thắng cảnh như Hồ Xu&acirc;n Hương, Thung Lũng V&agrave;ng, Đồi Mộng Mơ, Thung Lũng T&igrave;nh Y&ecirc;u, Langbiang&hellip; tất cả đ&atilde; tạo n&ecirc;n một Đ&agrave; Lạt lung linh, huyền diệu. Đ&agrave; Lạt c&oacute; nhiều d&acirc;n tộc anh em như Hoa, Cơ Ho, T&agrave;y, N&ugrave;ng, Chăm nhưng trong đ&oacute; chiếm đại da số vẫn l&agrave; người kinh.</strong></p>\r\n', '<p>&nbsp;</p>\r\n\r\n<h2><strong>Phương tiện đi lại</strong></h2>\r\n\r\n<p>C&oacute; hai c&aacute;ch để đi đến&nbsp;<a href=\"https://travel.com.vn/du-lich-da-lat.aspx?utm_source=internalbl&amp;utm_medium=click&amp;utm_campaign=ATLinks\" target=\"_blank\">Đ&agrave; Lạt</a>&nbsp;đ&oacute; l&agrave; bay v&agrave; đi xe kh&aacute;ch Phương Trang. Để bay tới Đ&agrave; Lạt bạn c&oacute; thể đi của Vietjet air hoặc VietnamAirlines. Hai h&atilde;ng n&agrave;y lu&ocirc;n c&oacute; những đợt v&eacute; m&aacute;y bay gi&aacute; rẻ. Bạn chịu kh&oacute; để &yacute; tr&ecirc;n mạng hoặc đăng k&yacute; mail với họ để c&oacute; v&eacute; gi&aacute; rẻ như &yacute;. Ngo&agrave;i ra bạn c&oacute; thể đi xe giường nằm đi Đ&agrave; Lạt từ S&agrave;i G&ograve;n, xe m&igrave;nh hay chọn đi l&agrave; Phương Trang, h&atilde;ng n&agrave;y uy t&iacute;n v&agrave; chất lượng tốt. Bạn c&oacute; thể đi c&aacute;c chuyến 20h30, 23h từ S&agrave;i G&ograve;n. Từ H&agrave; Nội hay&nbsp;<a href=\"https://travel.com.vn/du-lich-da-nang.aspx?utm_source=internalbl&amp;utm_medium=click&amp;utm_campaign=ATLinks\" target=\"_blank\">Đ&agrave; Nẵng</a>&nbsp;bạn n&ecirc;n bay trực tiếp đến Đ&agrave; Lạt để tiết kiệm thời gian di chuyển. Từ miền T&acirc;y th&igrave; phải đi xe thẳng l&ecirc;n Đ&agrave; Lạt.</p>\r\n\r\n<p>&nbsp;</p>\r\n\r\n<p>Xe từ s&acirc;n bay Li&ecirc;n Khương về trung t&acirc;m Đ&agrave; lạt bạn c&oacute; thể đi taxi hoặc xe bus trung chuyển, xe bus sẽ dừng tại bến chợ Đ&agrave; Lạt. Tại th&agrave;nh phố Đ&agrave; Lạt bạn n&ecirc;n thu&ecirc; xe m&aacute;y để c&oacute; thể tham quan v&agrave; trải nghiệm c&aacute;c dịch vụ tại đ&acirc;y, đa số c&aacute;c kh&aacute;ch sạn đều c&oacute; dịch vụ n&agrave;y. Buổi tối, để c&oacute; trải nghiệm th&uacute; vị bạn n&ecirc;n thu&ecirc; dịch vụ xe đạp đ&ocirc;i v&ograve;ng quanh th&agrave;nh phố v&agrave; khu vực Hồ Xu&acirc;n Hương.</p>\r\n\r\n<h2><strong>N&ecirc;n đi Đ&agrave; Lạt m&ugrave;a n&agrave;o?</strong></h2>\r\n\r\n<p>Kh&iacute; hậu Đ&agrave; Lạt quanh năm &ocirc;n h&ograve;a, m&aacute;t mẻ n&ecirc;n bạn c&oacute; thể đến bất kỳ thời điểm n&agrave;o trong năm. Thời điểm l&yacute; tưởng nhất l&agrave; cuối thu đầu đ&ocirc;ng (th&aacute;ng 11 &ndash; 12) l&uacute;c đ&atilde; chấm dứt những cơn mưa v&agrave; m&ugrave;a hoa D&atilde; Quỳ nở rực để bạn thỏa th&iacute;ch săn ảnh. Lưu &yacute; những th&aacute;ng&nbsp;<a href=\"https://travel.com.vn/du-lich-he.aspx?utm_source=internalbl&amp;utm_medium=click&amp;utm_campaign=ATLinks\" target=\"_blank\">m&ugrave;a h&egrave;</a>&nbsp;thường c&oacute; mưa rả r&iacute;ch, thường th&igrave; từ th&aacute;ng 8 đến th&aacute;ng 10.</p>\r\n\r\n<h2><strong>Những điểm n&agrave;o n&ecirc;n tham quan khi đến Đ&agrave; Lạt</strong></h2>\r\n\r\n<p>Đ&agrave; Lạt c&oacute; rất nhiều điểm tham quan cho bạn lựa chọn, ngay khu vực trung t&acirc;m th&agrave;nh phố bạn c&oacute; thể gh&eacute; thăm vườn hoa Th&agrave;nh Phố, nh&agrave; thờ Con G&agrave;, trường đại học Đ&agrave; Lạt cũng c&oacute; kiến tr&uacute;c kh&aacute; đẹp. C&aacute;ch trung t&acirc;m khoảng 6km về hướng bắc bạn sẽ tham quan cụm điểm: Thung Lũng T&igrave;nh Y&ecirc;u, Đồi Mộng Mơ, rừng hoa kh&ocirc; Đ&agrave; Lạt, XQ Xử Qu&aacute;n v&agrave; thưởng thức những tr&aacute;i d&acirc;u tươi ch&iacute;n mọng tại vườn d&acirc;u Hiệp Lực.</p>\r\n\r\n<p>&nbsp;</p>\r\n\r\n<p>Ng&agrave;y h&ocirc;m sau bắt đầu h&agrave;nh tr&igrave;nh bạn n&ecirc;n chinh phục đỉnh Langbiang bằng xe Jeep để c&oacute; trải nghiệm th&uacute; vị, chiều về h&atilde;y gh&eacute; qua Thung Lũng V&agrave;ng nơi c&oacute; phong cảnh kh&aacute; đẹp v&agrave; l&atilde;ng mạn. Điểm dừng ch&acirc;n buổi tối của bạn h&atilde;y gh&eacute; l&agrave;ng C&ugrave; Lần nằm kh&eacute;p n&eacute;p dưới thung lũng x&atilde; L&aacute;t, huyện Lạc Dương. Ngo&agrave;i tham gia những tr&ograve; chơi thứ th&aacute;ch như ch&egrave;o b&egrave; tr&ecirc;n suối, đi xe địa h&igrave;nh, buổi tối h&atilde;y c&ugrave;ng người d&acirc;n trong bản thưởng thức rượu cần, ăn thịt nướng v&agrave; h&aacute;t vang những bản nhạc T&acirc;y Nguy&ecirc;n h&ugrave;ng hồn. Nếu c&ograve;n thời gian tại Đ&agrave; Lạt bạn kh&ocirc;ng qu&ecirc;n gh&eacute; qua Thiền Viện Tr&uacute;c L&acirc;m v&agrave; Th&aacute;c Datanla</p>\r\n\r\n<h2><strong>Đ&agrave; Lạt c&oacute; lễ hội g&igrave; đặc sắc?</strong></h2>\r\n\r\n<p>Đ&agrave; Lạt c&oacute; lễ hội lớn nhất l&agrave; Festival Hoa Đ&agrave; Lạt, được tổ chức 2 năm 1 lần, v&agrave;o c&aacute;c năm lẻ dịp cuối năm.</p>\r\n\r\n<h2><strong>Kh&aacute;ch sạn v&agrave; ẩm thực địa phương</strong></h2>\r\n\r\n<p>Đ&agrave; Lạt c&oacute; rất nhiều kh&aacute;ch sạn để bạn lựa chọn từ mini đến cao cấp 5 sao hay c&aacute;c dạng biệt thự d&agrave;nh cho gia đ&igrave;nh, nh&oacute;m bạn group nhỏ. Để c&oacute; những lựa chọn tin cậy bạn c&oacute; thể tham khảo c&aacute;c trang web đ&aacute;nh gi&aacute; tốt về dịch vụ của Tripadvisor hay Agoda. V&agrave;i gợi &yacute; kh&aacute;ch sạn 3 sao cho bạn như Mai V&agrave;ng, Nice Dream, Rum V&agrave;ng, Le Petit Paris,&hellip; hay c&aacute;c kh&aacute;ch sạn 2 sao như Cẩm Đ&ocirc;,&nbsp;</p>\r\n\r\n<p>&nbsp;</p>\r\n\r\n<p>Đ&agrave; Lạt kh&ocirc;ng chỉ sở hữu nhiều cảnh đẹp m&agrave; c&ograve;n c&oacute; nhiều m&oacute;n ăn l&agrave;m n&iacute;u ch&acirc;n du kh&aacute;ch phương xa Nem nướng b&agrave; H&ugrave;ng, b&uacute;n b&ograve; ấp &Aacute;nh S&aacute;ng, b&aacute;nh ướt l&ograve;ng g&agrave;, b&aacute;nh canh Xu&acirc;n An tr&ecirc;n đường Nh&agrave; Chung, b&aacute;nh canh Phan Rang ở đường Trần Ph&uacute; hay c&aacute;c m&oacute;n ăn vặt như b&aacute;nh tr&aacute;ng nướng, chả ram bắp, m&oacute;n xắp xắp (giống nộm b&ograve; kh&ocirc; ở H&agrave; Nội v&agrave; gỏi kh&ocirc; b&ograve; ở S&agrave;i G&ograve;n), b&aacute;nh b&egrave;o, d&acirc;u t&acirc;y kem tr&ecirc;n phố Phan Đ&igrave;nh Ph&ugrave;ng. Ngo&agrave;i ra, Đ&agrave; Lạt nổi tiếng với v&ocirc; v&agrave;n loại rau, nếu muốn thưởng thức buffet rau tại h&atilde;y gh&eacute; nh&agrave; h&agrave;ng Laguda ngay tại khu vực c&aacute;p treo Thiền Viện Tr&uacute;c L&acirc;m để thưởng thức nh&eacute;. V&agrave; kh&ocirc;ng qu&ecirc;n thưởng thức caf&eacute; ngay khu vực đối diện chợ hay xung quanh Hồ Xu&acirc;n Hương.&nbsp;</p>\r\n\r\n<h2><strong>Đến Đ&agrave; Lạt mua g&igrave; về l&agrave;m qu&agrave;?</strong></h2>\r\n\r\n<p>Đ&agrave; Lạt nổi tiếng với nhiều sản vật của địa phương đặc biệt l&agrave; tr&aacute;i c&acirc;y như d&acirc;u t&acirc;y, bơ, hồng, mận v&agrave; bạn cũng c&oacute; thể mua những sản phẩm đ&atilde; được chế biến từ củ quả như mứt mận, mứt khoai lang, mứt hồng v&agrave; c&aacute;c loại nước đ&oacute;ng hủ như nước chanh d&acirc;y, d&acirc;u&hellip; Ngo&agrave;i ra bạn c&oacute; thể mua rau củ tươi như b&ocirc;ng Atiso nấu canh rất ngon v&agrave; m&aacute;t, b&ocirc;ng cải trắng, xanh, hoa Đ&agrave; Lạt. Nếu muốn mua &aacute;o len th&igrave; bạn c&oacute; thể mua ở chợ hay mua ở nh&agrave; thờ Domane de Marie. Rượu vang Đ&agrave; Lạt hay tr&agrave; l&agrave; những m&oacute;n qu&agrave; cũng c&oacute; thể mua về l&agrave;m qu&agrave; cho người th&acirc;n.</p>\r\n\r\n<h2><strong>Những điều lưu &yacute;</strong></h2>\r\n\r\n<p>Nếu c&oacute; mua mứt th&igrave; v&agrave;o chợ Đ&agrave; Lạt mua, kh&ocirc;ng n&ecirc;n mua ngo&agrave;i đường. Mua bơ th&igrave; bạn n&ecirc;n nhờ người quen biết mua sẽ biết được bơ n&agrave;o dẻo v&agrave; ngon, lưu &yacute; n&ecirc;n mưa bơ c&ograve;n cứng để kh&ocirc;ng bị vap đập khi di chuyển, v&igrave; để trong xe hầm bơ rất dễ ch&iacute;n.&nbsp;</p>\r\n', 8, 1, '1639038933_gd_151113_kinh-nghiem-du-lich-da-lat.jpg'),
(16, 'Kinh nghiệm du lịch Quy Nhơn', '<p><strong>B&igrave;nh Định l&agrave; qu&ecirc; hương của c&aacute;c loại h&igrave;nh nghệ thuật như tuồng, b&agrave;i ch&ograve;i... với bờ biển d&agrave;i, nhiều vũng vịnh với những b&atilde;i tắm đẹp v&agrave; danh lam thắng cảnh nổi tiếng th&igrave; B&igrave;nh Định đang ng&agrave;y c&agrave;ng chuyển m&igrave;nh v&agrave; đưa ng&agrave;nh du lịch th&agrave;nh ng&agrave;nh mũi nhọn tại khu vực Nam Trung Bộ.</strong></p>\r\n', '<h2><strong>Phương tiện đi lại</strong></h2>\r\n\r\n<p>Từ TP.HCM v&agrave; H&agrave; Nội c&aacute;c bạn c&oacute; thể đi xe bus giường nằm c&aacute;c h&atilde;ng xe uy t&iacute;n vẫn l&agrave; Phương Trang v&agrave; The Sinh Tourist. Ngo&agrave;i ra một c&aacute;ch kh&aacute;c để đến B&igrave;nh Định đ&oacute; l&agrave; đi m&aacute;y bay, hiện nay c&oacute; nhiều h&atilde;ng c&oacute; v&eacute; m&aacute;y bay gi&aacute; rẻ như Vietjet, Vietnam Airlines, Jestar. Từ khu vực miền T&acirc;y th&igrave; bạn bắt xe bus đến TP.HCM v&agrave; tiếp tục nối chuyến đến B&igrave;nh Định.&nbsp;</p>\r\n\r\n<p>&nbsp;</p>\r\n\r\n<p>Từ s&acirc;n bay Ph&ugrave; C&aacute;t về th&agrave;nh phố Quy Nhơn hơn 30km, bạn c&oacute; thể đi taxi Mai Linh hoặc xe của s&acirc;n bay (Cảng h&agrave;ng kh&ocirc;ng Ph&ugrave; C&aacute;t). Đến th&agrave;nh phố Quy Nhơn th&igrave; bạn n&ecirc;n thu&ecirc; xe m&aacute;y để c&oacute; thể tham quan trọn vẹn th&agrave;nh phố biển xinh đẹp n&agrave;y.</p>\r\n\r\n<p>&nbsp;</p>\r\n\r\n<h2><strong>N&ecirc;n đi B&igrave;nh Định m&ugrave;a n&agrave;o?</strong></h2>\r\n\r\n<p>Bạn n&ecirc;n đi B&igrave;nh Định từ th&aacute;ng 1 &ndash; 8 v&igrave; từ th&aacute;ng 9 &ndash; 12 l&agrave; m&ugrave;a mưa, đặc biệt B&igrave;nh Định bị ảnh hưởng của m&ugrave;a mưa b&atilde;o miền Trung, n&ecirc;n bạn cần lưu &yacute; tần suất xuất hiện b&atilde;o lớn nhất l&agrave; th&aacute;ng 9 &ndash; 11 h&agrave;ng năm.</p>\r\n\r\n<p>&nbsp;</p>\r\n\r\n<h2><strong>Những điểm n&agrave;o n&ecirc;n tham quan khi đến B&igrave;nh Định</strong></h2>\r\n\r\n<p>Ngay khu vực trung t&acirc;m th&agrave;nh phố Quy Nhơn bạn h&atilde;y gh&eacute; tham quan Th&aacute;p Đ&ocirc;i, cụm khu&nbsp;<a href=\"https://travel.com.vn/\" target=\"_blank\">du lịch</a>&nbsp;Ghềnh R&aacute;ng Ti&ecirc;n Sa thăm Mộ H&agrave;n Mạc Tử v&agrave; b&atilde;i tắm Ho&agrave;ng Hậu xem b&atilde;i Trứng. Đi về hướng bắc qua cầu Thị Nại khoảng ch&ugrave;ng 20km th&igrave; bạn sẽ gh&eacute; thăm b&aacute;n đảo Phương Mai v&agrave; Eo gi&oacute; Nhơn L&yacute;, đừng qu&ecirc;n trượt c&aacute;t khi đến đ&acirc;y nh&eacute;. Xa hơn nữa tr&ecirc;n đường đi Hầm H&ocirc; bạn n&ecirc;n gh&eacute; thăm th&aacute;p B&aacute;nh &Iacute;t, gh&eacute; bảo t&agrave;ng vua Quang Trung xem Trống Trận v&agrave; ngược d&ograve;ng s&ocirc;ng K&uacute;t tham quan danh thắng khu du lịch Hầm H&ocirc;. Hầm H&ocirc; c&aacute;ch trung t&acirc;m th&agrave;nh phố tầm 50km.</p>\r\n\r\n<p>&nbsp;</p>\r\n\r\n<p>Nếu c&ograve;n thời gian bạn c&oacute; thể gh&eacute; v&agrave;o tham quan c&aacute;c l&agrave;ng nghề để t&igrave;m hiểu th&ecirc;m cuộc sống của người d&acirc;n như l&agrave;ng rượu B&agrave;u Đ&aacute;, l&agrave;ng r&egrave;n Phương Danh, B&uacute;n Song Thằn, l&agrave;ng b&aacute;nh tr&aacute;ng nước dừa.</p>\r\n\r\n<p>&nbsp;</p>\r\n\r\n<h2><strong>B&igrave;nh Định c&oacute; lễ hội g&igrave; đặc sắc?</strong></h2>\r\n\r\n<p>Đến B&igrave;nh Định v&agrave;o giai đoạn Tết &Acirc;m Lịch bạn sẽ tham gia được nhiều hoạt động lễ hội như Lễ hội Chợ G&ograve; được tổ chức duy nhất v&agrave;o ng&agrave;y m&ugrave;ng 1 Tết &Acirc;m lịch h&agrave;ng năm ở th&ocirc;n Phong Thạnh, thị trấn Tuy Phước, huyện Tuy Phước. V&agrave;o m&ugrave;ng 2 Tết th&igrave; bạn sẽ được tham gia v&agrave;o Lễ hội Đua Thuyền ở G&ograve; Bồi, thuộc th&ocirc;n T&ugrave;ng Giản, x&atilde; Phước H&ograve;a, huyện Tuy Phước. Tiếp đến từ m&ugrave;ng 4 đến m&ugrave;ng 5 l&agrave; Lễ hội Đống Đa &ndash; T&acirc;y Sơn tại thị trấn Ph&uacute; Phong, huyện T&acirc;y Sơn tổ chức tại Bảo t&agrave;ng Quang Trung v&agrave; Khu T&acirc;m linh Đ&agrave;n tế Trời Đất.</p>\r\n\r\n<p>Ngo&agrave;i ra, nếu bạn đi v&agrave;o th&aacute;ng gi&ecirc;ng &acirc;m lịch th&igrave; c&oacute; Lễ hội Ch&ugrave;a &Ocirc;ng N&uacute;i ng&agrave;y 24 v&agrave; 25 th&aacute;ng tại x&atilde; C&aacute;t Tiến, huyện Ph&ugrave; C&aacute;t hay v&agrave;o th&aacute;ng 2 &acirc;m lịch th&igrave; sẽ c&oacute; cơ hội tham gia v&agrave;o Lễ hội Đ&ocirc; thị cổ Nước Mặn từ mồng 1 đến mồng 3 tại ch&ugrave;a B&agrave;, th&ocirc;n An H&ograve;a, x&atilde; Phước Quang, huyện Tuy Phước. &nbsp;</p>\r\n\r\n<p>&nbsp;</p>\r\n\r\n<h2><strong>Kh&aacute;ch sạn v&agrave; ẩm thực địa phương</strong></h2>\r\n\r\n<p>Tại B&igrave;nh Định c&oacute; kh&aacute; nhiều kh&aacute;ch sạn từ 2 &ndash; 3 sao cho bạn lựa chọn ngay khu vực trung t&acirc;m th&agrave;nh phố Quy Nhơn như Eden, Quy Nhơn, Cali, Khanh Khanh 2, Ho&agrave;ng Yến 2 ti&ecirc;u chuẩn 2 sao hay c&aacute;c kh&aacute;ch sạn cao cấp hơn như Ho&agrave;ng Yến 1 3 sao, Mường Thanh Quy Nhơn, Royal th&igrave; 4 sao.</p>\r\n\r\n<p>&nbsp;</p>\r\n\r\n<p>B&igrave;nh Định l&agrave; th&agrave;nh phố biển n&ecirc;n c&aacute;c m&oacute;n hải sản kh&ocirc;ng k&eacute;m phần đặc sắc như b&uacute;n chả c&aacute; Quy Nhơn, cua Huỳnh Đế, b&uacute;n t&ocirc;m Ch&acirc;u Tr&uacute;c, b&aacute;nh x&egrave;o Mỹ Canh hay b&aacute;nh x&egrave;o t&ocirc;m nhảy tại khu vực cầu Thị Nại. Ngo&agrave;i ra, c&ograve;n c&oacute; những m&oacute;n ăn nhẹ kh&ocirc;ng k&eacute;m phần hấp dẫn như nem chợ Huyện, b&aacute;nh &iacute;t l&aacute; gai, d&aacute;nh d&acirc;y, tr&eacute; B&igrave;nh Định cũng rất nổi tiếng.</p>\r\n\r\n<p>&nbsp;</p>\r\n\r\n<h2><strong>Đến B&igrave;nh Định mua g&igrave; về l&agrave;m qu&agrave;?</strong></h2>\r\n\r\n<p>B&igrave;nh Định c&oacute; nhiều đặc sản ngon m&agrave; du kh&aacute;ch thường mua về l&agrave;m qu&agrave; cho người th&acirc;n như tr&eacute;, nem, b&aacute;nh tr&aacute;ng nước dừa hay rượu b&agrave;u đ&aacute; l&agrave; những đặc sản nổi tiếng bạn đừng qu&ecirc;n mua về nh&eacute;.</p>\r\n\r\n<p>&nbsp;</p>\r\n\r\n<h2><strong>Những điều lưu &yacute;</strong></h2>\r\n\r\n<p>Bạn n&ecirc;n mang theo dụng cụ đi mưa nếu đến B&igrave;nh Định v&agrave;o th&aacute;ng th&aacute;ng 9 &ndash; 12, mang theo đồ bơi nếu c&oacute; &yacute; định đi bơi, người d&acirc;n B&igrave;nh Định kh&aacute; thật th&agrave;, chất ph&aacute;t n&ecirc;n mua h&agrave;ng kh&ocirc;ng phải trả gi&aacute; nhiều đ&acirc;u nh&eacute;!</p>\r\n', 8, 1, '1639039252_ks2.jpg');

-- --------------------------------------------------------

--
-- Cấu trúc bảng cho bảng `tbl_binhluan`
--

CREATE TABLE `tbl_binhluan` (
  `id_binhluan` int(11) NOT NULL,
  `ten` varchar(50) NOT NULL,
  `rating` int(11) NOT NULL,
  `hinhanh` varchar(100) NOT NULL,
  `noidung` longtext NOT NULL,
  `id_sanpham_binhluan` int(11) NOT NULL,
  `tinhtrang` int(11) NOT NULL
) ENGINE=InnoDB DEFAULT CHARSET=utf8mb4;

--
-- Đang đổ dữ liệu cho bảng `tbl_binhluan`
--

INSERT INTO `tbl_binhluan` (`id_binhluan`, `ten`, `rating`, `hinhanh`, `noidung`, `id_sanpham_binhluan`, `tinhtrang`) VALUES
(47, 'Châu Hiền Trân', 5, 'covid.jpg', 'Ý nghĩa', 51, 1),
(49, 'tranchau', 5, 'khach-san-samdi-da-nang.jpg', 'Một nơi rất phù hợp để cho chuyến du lịch tuyệt vời .', 54, 1),
(50, 'ThanhHoai', 5, 'khach-san-ladalat-800x450.jpg', 'khách sạn rất tuyệt vời.nơi ở thoát mát sạch sẽ.Rất phù hợp với gia đình', 54, 1),
(51, 'ThanhHoai', 5, 'ks2.jpg', 'Mường Thanh là một nơi đáng để trải nghiệm cho chuyến đi.Một nơi rất phù hợp với các chuyến đi du lịch với gia đình ', 57, 1),
(52, 'Châu Hiền Trân', 5, 'muong-thanh-quy-nhon.jpg', 'Khu phòng sách sạn nhìn bề ngoài bình thường, nhưng nội thất tốt, nhìn ra bãi biển thoáng, đẹp. Nhà tắm có cửa kính lớn ngắm biển. Bể bơi hơi nhỏ và đông. Nhà hàng không có gì nổi bật. Bãi biển nhỏ xinh, nhiều tảng đá trên bãi cát làm tốn bộ nhớ máy ảnh. Làng chài sát bên có nhiều hàng hải sản tươi ngon. Nói chung là đẹp, nên thử', 56, 1),
(53, 'Châu Hiền Trân', 5, 'ks1.jpg', '\r\nTham quan, sống ảo Nha Trang- nơi được biết đến như là thiên đường Maldives “phiên bản Việt” với vẻ đẹp hoang sơ, hữu tình', 63, 1),
(54, 'Châu Hiền Trân', 5, 'hthty.jpg', ' Đà Lạt  luôn có sức quyến rũ đặc biệt đối với du khách khắp nơi bởi không khí trong lành, khung cảnh nên thơ và những truyền thuyết tình yêu lãng mạn.\r\n', 62, 1),
(55, 'ThanhHoai', 5, 'cafe-tui-mo-to-12-768x512.jpg', 'chuyến đi ý nghĩa', 62, 1);

-- --------------------------------------------------------

--
-- Cấu trúc bảng cho bảng `tbl_dangky`
--

CREATE TABLE `tbl_dangky` (
  `id_dangky` int(11) NOT NULL,
  `tenkhachhang` varchar(200) NOT NULL,
  `email` varchar(100) NOT NULL,
  `diachi` varchar(200) NOT NULL,
  `matkhau` varchar(100) NOT NULL,
  `dienthoai` varchar(20) NOT NULL
) ENGINE=InnoDB DEFAULT CHARSET=utf8mb4;

--
-- Đang đổ dữ liệu cho bảng `tbl_dangky`
--

INSERT INTO `tbl_dangky` (`id_dangky`, `tenkhachhang`, `email`, `diachi`, `matkhau`, `dienthoai`) VALUES
(32, 'Châu Hiền Trân', 'chauhientrandqn@gmail.com', '12/10 trần văn ơn, tp Quy Nhơn', 'c81e728d9d4c2f636f067f89cc14862c', '0336373741'),
(34, 'tranchau', 'ht@gmail.com', 'Phù Cát-Bình Định', '827ccb0eea8a706c4c34a16891f84e7b', '09826473338'),
(35, 'ThanhHoai', 'tran3@gmail.com', 'Quy Nhơn', '827ccb0eea8a706c4c34a16891f84e7b', '029373648228');

-- --------------------------------------------------------

--
-- Cấu trúc bảng cho bảng `tbl_danhmuc`
--

CREATE TABLE `tbl_danhmuc` (
  `id_danhmuc` int(11) NOT NULL,
  `tendanhmuc` varchar(100) NOT NULL,
  `thutu` int(11) NOT NULL
) ENGINE=InnoDB DEFAULT CHARSET=utf8mb4;

--
-- Đang đổ dữ liệu cho bảng `tbl_danhmuc`
--

INSERT INTO `tbl_danhmuc` (`id_danhmuc`, `tendanhmuc`, `thutu`) VALUES
(50, 'Nhà Hàng', 1),
(51, 'Khách Sạn', 2),
(52, 'Du Lịch ', 3);

-- --------------------------------------------------------

--
-- Cấu trúc bảng cho bảng `tbl_danhmucbaiviet`
--

CREATE TABLE `tbl_danhmucbaiviet` (
  `id_baiviet` int(11) NOT NULL,
  `tendanhmuc_baiviet` varchar(255) NOT NULL,
  `thutu` int(11) NOT NULL
) ENGINE=InnoDB DEFAULT CHARSET=utf8mb4;

--
-- Đang đổ dữ liệu cho bảng `tbl_danhmucbaiviet`
--

INSERT INTO `tbl_danhmucbaiviet` (`id_baiviet`, `tendanhmuc_baiviet`, `thutu`) VALUES
(8, 'Kinh nghiệm du lịch', 4),
(9, 'Điểm đến yêu thích', 2);

-- --------------------------------------------------------

--
-- Cấu trúc bảng cho bảng `tbl_lienhe`
--

CREATE TABLE `tbl_lienhe` (
  `id` int(11) NOT NULL,
  `thongtinlienhe` text NOT NULL
) ENGINE=InnoDB DEFAULT CHARSET=utf8mb4;

--
-- Đang đổ dữ liệu cho bảng `tbl_lienhe`
--

INSERT INTO `tbl_lienhe` (`id`, `thongtinlienhe`) VALUES
(1, '<h2><strong>Th&ocirc;ng tin li&ecirc;n h&ecirc;̣:</strong></h2>\r\n\r\n<p>&nbsp;</p>\r\n\r\n<p><strong>Email li&ecirc;n h&ecirc;̣: Chauhientran@gmail.com</strong></p>\r\n\r\n<p><strong>Chi ti&ecirc;́t li&ecirc;n h&ecirc;̣(Mrs. Tr&acirc;n ):&nbsp;</strong>0336373740</p>\r\n\r\n<p><strong>Chăm sóc khách hàng(Mrs. Trúc ):&nbsp;</strong>0336373741</p>\r\n\r\n<p><strong>Địa chỉ: 12/10 Tr&acirc;̀n Văn Ơn - TP Quy Nhơn.</strong></p>\r\n\r\n<h2>&nbsp;</h2>\r\n\r\n<p>&nbsp;</p>\r\n\r\n<p><strong><img alt=\"\" src=\"https://www.google.com/url?sa=i&amp;url=https%3A%2F%2Fctylawforlife.com%2Ftu-van-phap-luat%2Fco-nen-mo-cua-hang-dien-thoai-hay-khong&amp;psig=AOvVaw2TTqG1qwOegwViefIHy0F6&amp;ust=1638245509854000&amp;source=images&amp;cd=vfe&amp;ved=0CAsQjRxqFwoTCMjbhqLavPQCFQAAAAAdAAAAABAD\" /></strong></p>\r\n\r\n<figure class=\"easyimage easyimage-full\"><img alt=\"\" src=\"blob:http://localhost:8080/5a8355bf-b03a-489d-aa50-7d2c371d0a43\" width=\"405\" />\r\n<figcaption></figcaption>\r\n</figure>\r\n\r\n<p>123</p>\r\n');

-- --------------------------------------------------------

--
-- Cấu trúc bảng cho bảng `tbl_sanpham`
--

CREATE TABLE `tbl_sanpham` (
  `id_sanpham` int(11) NOT NULL,
  `tensanpham` varchar(250) NOT NULL,
  `masp` varchar(100) NOT NULL,
  `giasp` varchar(50) NOT NULL,
  `soluong` int(11) NOT NULL,
  `hinhanh` varchar(50) NOT NULL,
  `tomtat` text NOT NULL,
  `noidung` text NOT NULL,
  `tinhtrang` int(11) NOT NULL,
  `id_danhmuc` int(11) NOT NULL
) ENGINE=InnoDB DEFAULT CHARSET=utf8mb4;

--
-- Đang đổ dữ liệu cho bảng `tbl_sanpham`
--

INSERT INTO `tbl_sanpham` (`id_sanpham`, `tensanpham`, `masp`, `giasp`, `soluong`, `hinhanh`, `tomtat`, `noidung`, `tinhtrang`, `id_danhmuc`) VALUES
(51, 'Vịnh Hạ Long', 'HL001', '1500000', 1, '1638545370_banner01.jpg', '<p>Khởi h&agrave;nh&nbsp;<strong>18/12/2021</strong></p>\r\n\r\n<p>Thời gian 1<strong>&nbsp;ng&agrave;y</strong></p>\r\n\r\n<p>Nơi khởi h&agrave;nh <strong>Quảng Ninh</strong></p>\r\n\r\n<p>Số lượng nhận :20</p>\r\n', '<p>&nbsp;</p>\r\n\r\n<p><img alt=\"image\" src=\"https://media.travel.com.vn/tour/tfd_211021013311_594016.jpg\" /></p>\r\n\r\n<p><strong>Giữa cuộc sống x&ocirc; bồ, tấp nập hiện nay, để t&igrave;m được một kh&ocirc;ng gian y&ecirc;n b&igrave;nh, giản dị quả thật kh&ocirc;ng hề đơn giản một ch&uacute;t n&agrave;o. Thế nhưng, ngay giữa vịnh Hạ Long ồn &agrave;o ấy, l&agrave;ng ch&agrave;i Vung Vi&ecirc;ng vẫn giữ được sự đơn sơ, mộc mạc v&agrave; y&ecirc;n b&igrave;nh. H&atilde;y c&ugrave;ng Vietravel chi nh&aacute;nh Quảng Ninh, kh&aacute;m ph&aacute; ngay l&agrave;ng ch&agrave;i th&uacute; vị n&agrave;y qua tour trải nghiệm: 01 NG&Agrave;Y L&Agrave;M NGƯ D&Acirc;N TẠI L&Agrave;NG CH&Agrave;I VUNG VI&Ecirc;NG</strong></p>\r\n\r\n<p><img alt=\"image\" src=\"https://media.travel.com.vn/destination/dc_200915_Lan%20Ha%20-%20Cat%20Ba%20(3).jpg\" /></p>\r\n\r\n<p><img alt=\"image\" src=\"https://media.travel.com.vn/destination/dc_211021_Lan%20Ha%20-%20Cat%20Ba%20(4).jpg\" /></p>\r\n\r\n<p><img alt=\"image\" src=\"https://media.travel.com.vn/destination/dc_211027_Ha%20Long%20%20(4).jpg\" /></p>\r\n', 1, 52),
(52, 'Long An - Khám Phá Con Đường Xuyên Rừng Tràm Tân Lập (Nhóm 4 khách)', 'TM109001', '14000000', 4, '1638976906_h1222.jpg', '<p>12/12/2021-14/12/2021(3 ng&agrave;y 2 đ&ecirc;m)</p>\r\n', '<p><strong>Để c&oacute; một chuyến đi vừa g&oacute;i gọn trong những ng&agrave;y cuối tuần lại vừa thỏa m&atilde;n sự t&ograve; m&ograve; của những du kh&aacute;ch th&iacute;ch ngao du, Long An l&agrave; một gợi &yacute; l&yacute; tưởng. &ldquo;Nếu kh&ocirc;ng c&oacute; thời gian đi xa, h&atilde;y về dạo chơi Long An&rdquo;- c&acirc;u mời gọi th&acirc;n thương của ch&uacute;ng t&ocirc;i c&oacute; khiến bạn &#39;giật m&igrave;nh&#39; bởi Long An đ&atilde; qu&aacute; gần v&agrave; qu&aacute; quen&hellip; Vậy bạn c&oacute; biết con đường t&igrave;nh y&ecirc;u&rdquo; của l&agrave;ng nổi T&acirc;n Lập? Nơi sở hữu một trong những con đường xuy&ecirc;n rừng tr&agrave;m d&agrave;i nhất Việt Nam phủ d&agrave;y lớp l&aacute; c&ugrave;ng r&ecirc;u phong đầy huyền ảo cho bạn thỏa th&iacute;ch thẩn thơ với &ldquo;vạn g&oacute;c sống ảo&rdquo; v&agrave; c&ograve;n hơn thế nữa &hellip;</strong></p>\r\n', 1, 52),
(53, 'Quy Nhơn - Eo Gió - Kỳ Co ', 'QN14325293', '12000000', 4, '1639008120_beach-in-Quy-Nhon_709067188.jpg', '<p>Khởi h&agrave;nh&nbsp;<strong>15/12/2021</strong></p>\r\n\r\n<p>Thời gian&nbsp;<strong>3 ng&agrave;y</strong></p>\r\n\r\n<p>Nơi khởi h&agrave;nh&nbsp;<strong>TP. Hồ Ch&iacute; Minh</strong></p>\r\n\r\n<p>Số lượng nhận <strong>4</strong></p>\r\n', '<h1>&nbsp;</h1>\r\n\r\n<p><img alt=\"image\" src=\"https://media.travel.com.vn/tour/tfd_211105010254_051825.jpg\" /></p>\r\n\r\n<p>&nbsp;</p>\r\n\r\n<p>&nbsp;</p>\r\n\r\n<p><strong>Kh&aacute;m ph&aacute; biển xanh miền duy&ecirc;n hải Quy Nhơn với c&aacute;c điểm nổi bật: Khu du lịch Hầm H&ocirc;: L&acirc;m vi&ecirc;n hoang d&atilde; với d&ograve;ng suối m&aacute;t y&ecirc;n b&igrave;nh v&agrave; n&ecirc;n thơ, đo&agrave;n kh&aacute;m ph&aacute; cảnh non nước hữu t&igrave;nh&hellip; Đảo Kỳ Co - với m&agrave;u nước trong xanh, b&atilde;i c&aacute;t d&agrave;i trắng mịn v&agrave; những cơn s&oacute;ng biển &ecirc;m &aacute;i Eo Gi&oacute;: Nơi vẫn c&ograve;n giữ được cho m&igrave;nh vẻ đẹp tự nhi&ecirc;n đầy hoang sơ. Đứng từ tr&ecirc;n cao nh&igrave;n xuống, Eo Gi&oacute; như một bức tranh sơn thủy hữu t&igrave;nh với trời, m&acirc;y, nước&hellip; biển n&uacute;i &ocirc;m nhau vừa gợi cảm, vừa hoang sơ đầy quyến rũ.</strong></p>\r\n\r\n<p>&nbsp;</p>\r\n\r\n<p><img alt=\"image\" src=\"https://media.travel.com.vn/tour/tfd_211203114957_433285.jpg\" /></p>\r\n\r\n<p><img alt=\"image\" src=\"https://media.travel.com.vn/tour/tfd_211203115036_026469.jpg\" /></p>\r\n\r\n<p><img alt=\"image\" src=\"https://media.travel.com.vn/tour/tfd_211129093607_602785.jpg\" /></p>\r\n\r\n<p><img alt=\"image\" src=\"https://media.travel.com.vn/destination/dc_200914_BIEN%20QUY%20NHON.jpg\" /></p>\r\n', 1, 52),
(54, 'Combo 2N1Đ Vinpearl Resort & Spa Hạ Long dành cho khách nội tỉnh Quảng Ninh', 'QNNN1234q', '1345000', 2, '1639008578_khach-san-samdi-da-nang.jpg', '<p>11-12/1/2022</p>\r\n', '<p>L&agrave; khu nghỉ dưỡng đầu ti&ecirc;n v&agrave; duy nhất tại miền Bắc Việt Nam được x&acirc;y dựng ho&agrave;n to&agrave;n tr&ecirc;n mặt biển,&nbsp;<strong>Vinpearl Resort &amp; Spa Hạ Long</strong>&nbsp;mang d&aacute;ng h&igrave;nh ki&ecirc;u kỳ của một t&ograve;a l&acirc;u d&agrave;i tr&aacute;ng lệ với kiến tr&uacute;c được lấy cảm hứng từ nh&agrave; h&aacute;t Rennes - Ph&aacute;p. Cảnh quan của resort g&acirc;y ấn tượng kh&oacute; qu&ecirc;n với 3 b&atilde;i biển ri&ecirc;ng tư, khu&ocirc;n vi&ecirc;n xanh v&agrave; hồ bơi ngo&agrave;i trời rộng tới 1.200m2. Đặc biệt, hệ thống ph&ograve;ng nghỉ rộng r&atilde;i được thiết kế tinh mỹ với ban c&ocirc;ng lớn, l&agrave; nơi l&yacute; tưởng để trải nghiệm thức giấc tr&ecirc;n vịnh biển kỳ quan c&ugrave;ng th&agrave;nh phố Hạ Long xinh đẹp.</p>\r\n', 1, 51),
(55, '2N1Đ Bình Minh - Kỷ niệm ngọt ngào', 'KS827264', '1200000', 2, '1639008958_muong-thanh.jpg', '<p>2N1Đ B&igrave;nh Minh - Kỷ niệm ngọt ng&agrave;o</p>\r\n', '<p>L&agrave; khu nghỉ dưỡng đầu ti&ecirc;n v&agrave; duy nhất tại miền Bắc Việt Nam được x&acirc;y dựng ho&agrave;n to&agrave;n tr&ecirc;n mặt biển, <strong>B&igrave;nh Minh</strong>&nbsp;mang d&aacute;ng h&igrave;nh ki&ecirc;u kỳ của một t&ograve;a l&acirc;u d&agrave;i tr&aacute;ng lệ với kiến tr&uacute;c được lấy cảm hứng từ nh&agrave; h&aacute;t Rennes - Ph&aacute;p. Cảnh quan của resort g&acirc;y ấn tượng kh&oacute; qu&ecirc;n với 3 b&atilde;i biển ri&ecirc;ng tư, khu&ocirc;n vi&ecirc;n xanh v&agrave; hồ bơi ngo&agrave;i trời rộng tới 1.200m2. Đặc biệt, hệ thống ph&ograve;ng nghỉ rộng r&atilde;i được thiết kế tinh mỹ với ban c&ocirc;ng lớn, l&agrave; nơi l&yacute; tưởng để trải nghiệm thức giấc tr&ecirc;n vịnh biển kỳ quan c&ugrave;ng th&agrave;nh phố Hạ Long xinh đẹp.</p>\r\n', 1, 51),
(56, 'AVANI Quy Nhơn Resort', 'THK1231', '700000', 1, '1639017983_khách sạn.jpg', '<p>2N1Đ</p>\r\n', '<h1>AVANI Quy Nhơn Resort &amp; Spa</h1>\r\n\r\n<p>&nbsp;</p>\r\n\r\n<p>Địa điểm : B&atilde;i D&agrave;i, Ghềnh R&aacute;ng, Th&agrave;nh phố Quy Nhơn, T&igrave;nh B&igrave;nh Định, Quy Nhơn 880000 Việt Nam</p>\r\n\r\n<p>&nbsp;</p>\r\n\r\n<p><img alt=\"\" src=\"https://dynamic-media-cdn.tripadvisor.com/media/photo-o/1c/cd/6c/51/infinity-water-feature.jpg?w=900&amp;h=-1&amp;s=1\" /><img alt=\"\" src=\"https://dynamic-media-cdn.tripadvisor.com/media/photo-o/0a/69/41/7e/sunrise-at-avani-quy.jpg?w=800&amp;h=-1&amp;s=1\" /><img alt=\"\" src=\"https://dynamic-media-cdn.tripadvisor.com/media/photo-o/07/3c/85/2f/avani-quy-nhon-resort.jpg?w=800&amp;h=-1&amp;s=1\" /></p>\r\n\r\n<p>Nếu bạn đang t&igrave;m kiếm khu nghỉ dưỡng sang trọng ở Quy Nhơn, h&atilde;y thử nghiệm AVANI Quy Nhơn Resort .</p>\r\n\r\n<p>C&aacute;c ph&ograve;ng tại AVANI Quy Nhơn Resort cung cấp tv m&agrave;n h&igrave;nh phẳng, quầy bar mini v&agrave; điều h&ograve;a nhiệt độ, v&agrave; kh&aacute;ch c&oacute; thể được kết nối wifi miễn ph&iacute;.</p>\r\n\r\n<p>Ngo&agrave;i ra, khi nghỉ dưỡng tại AVANI Quy Nhơn Resort kh&aacute;ch c&oacute; thể d&ugrave;ng dịch vụ ph&ograve;ng v&agrave; nh&acirc;n vi&ecirc;n hỗ trợ kh&aacute;ch. Bạn cũng c&oacute; thể tận hưởng bể bơi v&agrave; quầy bar cạnh bể bơi. Cần chỗ đỗ xe ? Đỗ xe miễn ph&iacute; c&oacute; sẵn tại AVANI Quy Nhơn Resort .</p>\r\n\r\n<p>C&aacute;c nh&acirc;n vi&ecirc;n của AVANI Quy Nhơn Resort &amp; Spa mong muốn được phục vụ bạn trong k&igrave; nghỉ sắp tới</p>\r\n\r\n<figure class=\"easyimage easyimage-full\"><img alt=\"\" src=\"blob:http://localhost/63733947-e6b8-4691-8a7e-5169dd1f964a\" width=\"1024\" />\r\n<figcaption></figcaption>\r\n</figure>\r\n\r\n<p><strong>Tiện nghi của kh&aacute;ch sạn</strong></p>\r\n\r\n<ul>\r\n	<li>B&atilde;i đỗ xe miễn ph&iacute;</li>\r\n	<li>Internet tốc độ miễn ph&iacute; (WiFi)</li>\r\n	<li>Bể bơi</li>\r\n	<li>Bãi bi&ecirc;̉n</li>\r\n	<li>Cho thu&ecirc; xe đạp</li>\r\n	<li>C&aacute;c hoạt động cho trẻ em (Ph&ugrave; hợp với trẻ em / gia đ&igrave;nh)</li>\r\n</ul>\r\n\r\n<p><strong>Tiện nghi trong ph&ograve;ng</strong></p>\r\n\r\n<ul>\r\n	<li>M&agrave;n che &aacute;nh s&aacute;ng</li>\r\n	<li>&Aacute;o cho&agrave;ng tắm</li>\r\n	<li>Điều h&ograve;a nhiệt độ</li>\r\n	<li>B&atilde;i biển ri&ecirc;ng</li>\r\n	<li>B&agrave;n l&agrave;m việc</li>\r\n	<li>M&aacute;y pha c&agrave; ph&ecirc; / tr&agrave;</li>\r\n	<li>Truyền h&igrave;nh c&aacute;p / truyền h&igrave;nh vệ tinh</li>\r\n	<li>V&ograve;i sen đứng</li>\r\n</ul>\r\n\r\n<p>&nbsp;</p>\r\n\r\n<p><strong>Loại ph&ograve;ng</strong></p>\r\n\r\n<ul>\r\n	<li>Ngắm cảnh n&uacute;i</li>\r\n	<li>Ngắm cảnh biển</li>\r\n	<li>Phòng kh&ocirc;ng hút thu&ocirc;́c</li>\r\n	<li>Ph&ograve;ng Suite</li>\r\n	<li>Ph&ograve;ng cho gia đ&igrave;nh</li>\r\n</ul>\r\n', 1, 51),
(57, 'Muong Thanh Quy Nhon Hotel', 'TTN524162', '8000000', 8, '1639018716_muong-thanh-quy-nhon.jpg', '<p>8-10/1/2022(3N2Đ)</p>\r\n', '<p>H&atilde;y tự hỏi tại sao nhiều kh&aacute;ch du lịch đ&atilde; lựa chọn Muong Thanh Quy Nhon Hotel khi đến Quy Nhơn. Kh&aacute;ch sạn l&agrave; sự tổng hợp của những gi&aacute; trị l&yacute; tưởng, sự thoải m&aacute;i v&agrave; thuận tiện như khung cảnh d&agrave;nh cho gia đ&igrave;nh c&ugrave;ng với loạt tiện nghi được thiết kế cho những kh&aacute;ch du lịch như bạn.</p>\r\n\r\n<p>Bạn sẽ tận hưởng căn ph&ograve;ng với quầy bar mini, tủ lạnh v&agrave; điều h&ograve;a nhiệt độ, v&agrave; bạn chắc chắn sẽ được kết nối internet trong thời gian n&agrave;y bởi Muong Thanh Quy Nhon Hotel cung cấp cho du kh&aacute;ch wifi miễn ph&iacute;.</p>\r\n\r\n<p>Khách sạn c&ograve;n cung cấp nh&acirc;n vi&ecirc;n hỗ trợ kh&aacute;ch v&agrave; dịch vụ ph&ograve;ng. Hơn nữa, Muong Thanh Quy Nhon Hotel với bể bơi v&agrave; bữa s&aacute;ng, mang lại những gi&acirc;y ph&uacute;t thư gi&atilde;n trốn khỏi một ng&agrave;y bận rộn. Với kh&aacute;ch c&oacute; xe cộ đỗ xe miễn ph&iacute; c&oacute; sẵn.</p>\r\n\r\n<p>Quy Nhơn c&oacute; rất nhiều nh&agrave; h&agrave;ng kiểu &aacute;. V&igrave; thế khi ở đ&acirc;y, h&atilde;y nhớ thử những điểm ẩm thực y&ecirc;u th&iacute;ch như Cine, Bun thit nuong v&agrave; Nha Hang 114 Xuan Dieu, phục vụ một số m&oacute;n ăn rất tuyệt vời.</p>\r\n\r\n<p>Tr&ecirc;n hết, Muong Thanh Quy Nhon Hotel l&agrave;m đơn giản ho&aacute; việc trải nghiệm những điểm đến tuyệt vời ở Quy Nhơn như Th&aacute;p Đ&ocirc;i (1,8 km) v&agrave; Long Khanh Pagoda (0,9 km), v&agrave; chỉ nằm ở khoảng c&aacute;ch rất gần.</p>\r\n\r\n<p>Tại Muong Thanh Quy Nhon Hotel, sự thoải m&aacute;i v&agrave; h&agrave;i l&ograve;ng của bạn được đặt l&ecirc;n h&agrave;ng đầu, v&agrave; họ mong muốn được ch&agrave;o đ&oacute;n bạn tới Quy Nhơn.</p>\r\n\r\n<p><strong>Tiện nghi của kh&aacute;ch sạn</strong></p>\r\n\r\n<ul>\r\n	<li><em>B&atilde;i đỗ xe miễn ph&iacute;</em></li>\r\n	<li><em>Internet tốc độ miễn ph&iacute; (WiFi)</em></li>\r\n	<li><em>Bể bơi</em></li>\r\n	<li><em>Bữa sáng mi&ecirc;̃n phí</em></li>\r\n	<li><em>Bãi bi&ecirc;̉n</em></li>\r\n	<li><em>S&acirc;n quần vợt</em></li>\r\n	<li><em>Xe đưa đ&oacute;n s&acirc;n bay</em></li>\r\n	<li><em>Tiện nghi cho hội nghị</em></li>\r\n</ul>\r\n\r\n<p>&nbsp;</p>\r\n\r\n<p><strong>Tiện nghi trong ph&ograve;ng</strong></p>\r\n\r\n<ul>\r\n	<li><em>Điều h&ograve;a nhiệt độ</em></li>\r\n	<li><em>Dịch vụ ph&ograve;ng</em></li>\r\n	<li><em>K&eacute;t sắt</em></li>\r\n	<li><em>Quầy bar mini</em></li>\r\n	<li><em>Tủ lạnh</em></li>\r\n	<li><em>TV m&agrave;n h&igrave;nh phẳng</em></li>\r\n</ul>\r\n\r\n<p><strong>Loại ph&ograve;ng</strong></p>\r\n\r\n<ul>\r\n	<li><em>Ngắm cảnh biển</em></li>\r\n	<li><em>Phòng kh&ocirc;ng hút thu&ocirc;́c</em></li>\r\n	<li><em>Ph&ograve;ng Suite</em></li>\r\n	<li><em>C&oacute; ph&ograve;ng h&uacute;t thuốc</em></li>\r\n</ul>\r\n', 1, 51),
(58, 'Nhà hàng El Gaucho:  “Nhà Hàng Beefsteak 5 Sao”', 'NH565656', '300000', 1, '1639019317_shalimar.jpg', '<figure class=\"easyimage easyimage-side\"><img alt=\"\" src=\"blob:http://localhost/efa751d8-8d09-4c73-a181-9fda21040af9\" width=\"1080\" />\r\n<figcaption></figcaption>\r\n</figure>\r\n\r\n<p>&nbsp;</p>\r\n', '<p>Nằm ngay tr&ecirc;n con đường Hai B&agrave; Trưng, Quận 1, TP.HCM&nbsp; nh&agrave; h&agrave;ng El Gaucho l&agrave; nh&agrave; h&agrave;ng đầu ti&ecirc;n tại Việt Nam của chuỗi nh&agrave; h&agrave;ng beefsteak. Ngay từ kh&ocirc;ng gian qu&aacute;n đ&atilde; to&aacute;t l&ecirc;n vẻ sang chảnh, hiện đại cho đến hương vị hấp dẫn, độc đ&aacute;o của c&aacute;c c&aacute;c m&oacute;n beefsteak.</p>\r\n\r\n<p>Nhiều thực kh&aacute;ch nhận định rằng, đi khắp&nbsp;<strong>c&aacute;c nh&agrave; h&agrave;ng S&agrave;i G&ograve;n</strong>&nbsp;cũng kh&ocirc;ng nơi đ&acirc;y c&oacute; được hương vị thơm ngon v&agrave; hấp dẫn như m&oacute;n beefsteak tại đ&acirc;y, ch&uacute;ng mềm v&agrave; mọng nước như tan ra trong miệng.</p>\r\n\r\n<p>Du kh&aacute;ch c&oacute; thể gh&eacute; địa chỉ: 74 Hai B&agrave; Trưng, P. Bến Ngh&eacute;, Quận 1, TP.HCM.</p>\r\n', 1, 50),
(59, 'Nhà hàng Red House_Hà Nội', 'NH7367363', '5000000', 8, '1639019795_we-only-serve-fresh-icelandic.jpg', '<p>Nh&agrave; h&agrave;ng Red House</p>\r\n', '<p>Được th&agrave;nh lập từ năm 2008, Red House l&agrave; một trong những&nbsp;<strong>nh&agrave; h&agrave;ng H&agrave; Nội foody&nbsp;</strong>được b&igrave;nh chọn l&agrave; một trong những qu&aacute;n ăn mang đậm phong c&aacute;ch Singapore ngay tr&ecirc;n đất Việt.</p>\r\n\r\n<p>Từ những ch&aacute;o ếch, cua sốt ớt cho đến cua sốt ti&ecirc;u đen hay những m&oacute;n cơm ni&ecirc;u,&hellip;đều mang những sự trải nghiệm ẩm thực độc đ&aacute;o v&agrave; v&ocirc; c&ugrave;ng th&uacute; vị.</p>\r\n\r\n<p>Du kh&aacute;ch c&oacute; thể gh&eacute;&nbsp;<strong>nh&agrave; h&agrave;ng</strong>&nbsp;tại địa chỉ: 56 An dương Vương,H&agrave; Nội&nbsp; để thưởng thức hương vị Singapore truyền thống.</p>\r\n\r\n<p><img alt=\"10 Nhà hàng Sài Gòn TPHCM ngon và nổi tiếng đáng để thưởng thức\" src=\"https://3.bp.blogspot.com/-5Ms6uMPBsnk/W3Xoro_xvoI/AAAAAAAAXR0/pPAkFuu58H8o02chQQEFS3V6elrqmTBvwCLcBGAs/s1600/nha-hang-sai-gon-tphcm-6.jpg\" width=\"1200\" /></p>\r\n', 1, 50),
(60, 'Namo – Artisanal Pizzerian Quy Nhơn', 'NH783738', '1000000', 2, '1639021487_nha-hang-sai-gon-tphcm-2.jpg', '', '<p>&nbsp;</p>\r\n\r\n<p><strong>M&Oacute;N ĂN</strong></p>\r\n\r\n<p>Ki&ecirc;̉u Á, Đ&ocirc;̀ nướng, Ki&ecirc;̉u Hàn Qu&ocirc;́c</p>\r\n\r\n<p><strong>CHẾ ĐỘ ĂN ĐẶC BIỆT</strong></p>\r\n\r\n<p>T&ugrave;y chọn ăn chay, T&ugrave;y chọn đồ ăn kh&ocirc;ng c&oacute; gluten</p>\r\n\r\n<figure class=\"easyimage easyimage-full\"><img alt=\"\" src=\"blob:http://localhost/d3fbc08e-3b59-4c6f-98eb-11e6c7802518\" width=\"800\" />\r\n<figcaption></figcaption>\r\n</figure>\r\n\r\n<p><strong>BỮA ĂN</strong></p>\r\n\r\n<p>Bữa t&ocirc;́i,Buổi trưa</p>\r\n\r\n<p><strong>ĐẶC TRƯNG</strong></p>\r\n\r\n<p>Đặt ch&ocirc;̃, Ng&ocirc;̀i ngoài trời, Ăn tối ph&ograve;ng ri&ecirc;ng, Chỗ ngồi, C&oacute; b&atilde;i đỗ xe, B&atilde;i đỗ xe c&oacute; v&eacute;, Đ&ocirc;̃ xe có người coi, Tivi, C&oacute; ghế ăn cho b&eacute;, Lối v&agrave;o ra cho xe lăn, Phục vụ đồ uống c&oacute; cồn, Qu&acirc;̀y bar đ&acirc;̀y đủ, Chấp nhận thẻ American Express, Chấp nhận thẻ Mastercard, Chấp nhận thẻ Visa, Wifi miễn ph&iacute;, Chấp nhận thẻ t&iacute;n dụng, Dịch vụ b&agrave;n</p>\r\n\r\n<p>&nbsp;</p>\r\n', 1, 50),
(61, 'Trois Gourmands Sài Gòn', 'NH8782928', '300000', 1, '1639021406_nha-hang-vintage-1885-406813.jpg', '', '<ul>\r\n	<li>Địa chỉ: 4/6 Hai B&agrave; Trưng, Bến Ngh&eacute;, Quận 1, TPHCM</li>\r\n	<li>Số điện thoại: 028 3822 7988</li>\r\n	<li>Gi&aacute; cả: 100.000đ &ndash; 400.000đ</li>\r\n	<li>Giờ mở cửa: 11:00 &ndash; 22:00</li>\r\n</ul>\r\n\r\n<p><img alt=\"Top 26 Nhà hàng Sài Gòn TPHCM ngon và nổi tiếng đáng để thưởng thức\" sizes=\"(max-width: 1024px) 100vw, 1024px\" src=\"https://i0.wp.com/kenhhomestay.com/wp-content/uploads/2020/05/nha-hang-sai-gon-15.jpg\" srcset=\"//i1.wp.com/kenhhomestay.com/wp-content/uploads/2020/05/nha-hang-sai-gon-15.jpg 1024w, //i1.wp.com/kenhhomestay.com/wp-content/uploads/2020/05/nha-hang-sai-gon-15-768x512.jpg 768w\" width=\"1024\" />Nh&agrave; h&agrave;ng &Yacute; nức tiếng nhất đất S&agrave;i Th&agrave;nh, được nghệ sĩ check-in &ldquo;tấp nập&rdquo; nhất ch&iacute;nh l&agrave; Namo &ndash; Artisanal Pizzeria. Namo nổi bật từ thiết kế hiện đại b&ecirc;n ngo&agrave;i đến vẻ lộng l&atilde;y b&ecirc;n trong nội thất, view đẹp.</p>\r\n\r\n<p>Thực kh&aacute;ch c&oacute; thể ngồi b&agrave;n hoặc ngồi quầy bar để vừa thưởng thức m&oacute;n ăn vừa tận mắt nh&igrave;n thấy qu&aacute; tr&igrave;nh nướng pizza t&agrave;i t&igrave;nh của c&aacute;c đầu bếp đẳng cấp của nh&agrave; h&agrave;ng.</p>\r\n\r\n<p>B&ecirc;n cạnh pizza, c&aacute;c m&oacute;n hải sản, m&igrave; &Yacute;, cocktail đều rất hấp dẫn v&agrave; đ&aacute;ng cho bạn thử &iacute;t nhất 1 lần trong đời đấy.</p>\r\n\r\n<p>Chuỗi nh&agrave; h&agrave;ng S&agrave;i G&ograve;n tuyệt vời ở tr&ecirc;n, c&oacute; địa điểm n&agrave;o l&agrave;m bạn đặc biệt t&ograve; m&ograve;, th&iacute;ch th&uacute; kh&ocirc;ng? Kh&ocirc;ng cần chờ đợi, đặt lịch hẹn hoặc đến thẳng nh&agrave; h&agrave;ng để trải nghiệm ngay n&agrave;o!</p>\r\n\r\n<p>Tr&ecirc;n đ&acirc;y l&agrave; top 26&nbsp;<strong>nh&agrave; h&agrave;ng S&agrave;i G&ograve;n</strong>&nbsp;<strong>nổi tiếng</strong>&nbsp;m&agrave; du kh&aacute;ch n&ecirc;n thử khi đến S&agrave;i G&ograve;n. Hy vọng những th&ocirc;ng tin tr&ecirc;n sẽ c&oacute; thể gi&uacute;p &iacute;ch được đối với những người d&ugrave;ng.</p>\r\n', 1, 50),
(62, 'Săn mây phố núi Đà Lạt', 'DL7382729', '500000', 1, '1639022666_cafe-tui-mo-to-12-768x512.jpg', '<p>Khởi h&agrave;nh&nbsp;<strong>12/12/2021</strong></p>\r\n\r\n<p>Thời gian&nbsp;<strong>1 ng&agrave;y</strong></p>\r\n\r\n<p>Nơi khởi h&agrave;nh&nbsp;<strong>Đ&agrave; Lạt</strong></p>\r\n\r\n<p>Số chỗ c&ograve;n nhận <strong>10</strong></p>\r\n', '<p><strong>Săn m&acirc;y &ndash; Qu&yacute; kh&aacute;ch sẽ được chi&ecirc;m ngưỡng khoảnh khắc chuyển m&igrave;nh của đất trời Đ&agrave; Lạt khi những tia nắng b&igrave;nh minh đầu ti&ecirc;n xuất hiện giữa những tầng m&acirc;y m&ecirc;nh m&ocirc;ng đổ d&agrave;i hư ảo, tinh kh&ocirc;i v&agrave; quyến rũ đến lạ thường.</strong></p>\r\n\r\n<p><img alt=\"image\" src=\"https://media.travel.com.vn/tour/tfd_211021032057_941630.jpg\" /></p>\r\n\r\n<p><img alt=\"image\" src=\"https://media.travel.com.vn/destination/dc_211021_Da%20Lat%20%20(3).jpg\" /></p>\r\n\r\n<p><img alt=\"image\" src=\"https://media.travel.com.vn/destination/dc_200914_Da%20Lat%20%20(6).jpg\" /></p>\r\n\r\n<p><img alt=\"image\" src=\"https://media.travel.com.vn/destination/dc_211021_Vuon%20dau.jpg\" /></p>\r\n', 1, 52),
(63, 'Nha Trang -Thành Phố Biển', 'DL9282028', '2000000', 1, '1639023192_Anam-Resort-Nha-Trang-vietnam-25.jpg', '<p>Khởi h&agrave;nh&nbsp;<strong>20/01/2022</strong></p>\r\n\r\n<p>Thời gian&nbsp;<strong>3 ng&agrave;y</strong></p>\r\n\r\n<p>Nơi khởi h&agrave;nh&nbsp;<strong>TP. Hồ Ch&iacute; Minh</strong></p>\r\n\r\n<p>Số chỗ c&ograve;n nhận <strong>10</strong></p>\r\n', '<p>&nbsp;</p>\r\n\r\n<p><img alt=\"image\" src=\"https://media.travel.com.vn/tour/tfd_201007102810_270947.jpg\" /></p>\r\n\r\n<p><strong>Nha Trang với kh&iacute; hậu &ocirc;n h&ograve;a, biển xanh trong quanh năm c&ugrave;ng những điểm vui chơi bậc nhất v&agrave; kh&ocirc;ng ngừng đổi mới hằng ng&agrave;y lu&ocirc;n thu h&uacute;t du kh&aacute;ch gần xa. Đến với Nha Trang, du kh&aacute;ch kh&ocirc;ng chỉ tận hưởng những đợt gi&oacute; biển trong nắng ấm m&agrave; c&ograve;n c&oacute; dịp thưởng thức hải sản tươi ngon c&ugrave;ng sự ch&agrave;o đ&oacute;n nồng hậu từ những người d&acirc;n v&ugrave;ng biển nghĩa t&igrave;nh, cho Qu&yacute; kh&aacute;ch trải nghiệm kh&oacute; qu&ecirc;n tại v&ugrave;ng đất n&agrave;y.</strong></p>\r\n\r\n<p><img alt=\"image\" src=\"https://media.travel.com.vn/tour/tfd_201007102912_986218.jpg\" /></p>\r\n\r\n<p><img alt=\"image\" src=\"https://media.travel.com.vn/tour/tfd_201007103032_140108.jpg\" /></p>\r\n\r\n<p><img alt=\"image\" src=\"https://media.travel.com.vn/destination/dc_200914_NHA%20TRANG_768444763.jpg\" /></p>\r\n', 1, 52);

-- --------------------------------------------------------

--
-- Cấu trúc bảng cho bảng `tbl_thongke`
--

CREATE TABLE `tbl_thongke` (
  `id` int(11) NOT NULL,
  `ngaydat` varchar(30) NOT NULL,
  `donhang` int(11) NOT NULL,
  `doanhthu` varchar(100) NOT NULL,
  `soluongban` int(11) NOT NULL
) ENGINE=InnoDB DEFAULT CHARSET=utf8mb4;

-- --------------------------------------------------------

--
-- Cấu trúc bảng cho bảng `travelviewing`
--

CREATE TABLE `travelviewing` (
  `id` int(11) NOT NULL,
  `title` varchar(2000) COLLATE utf32_unicode_ci NOT NULL,
  `iva1` varchar(2000) COLLATE utf32_unicode_ci NOT NULL,
  `iva2` varchar(2000) COLLATE utf32_unicode_ci NOT NULL,
  `iva3` varchar(2000) COLLATE utf32_unicode_ci NOT NULL,
  `content` text COLLATE utf32_unicode_ci NOT NULL,
  `code` varchar(100) COLLATE utf32_unicode_ci NOT NULL,
  `Dday` date NOT NULL,
  `time` int(11) NOT NULL,
  `startingplace` varchar(1000) COLLATE utf32_unicode_ci NOT NULL,
  `ToLocation` varchar(1000) COLLATE utf32_unicode_ci NOT NULL,
  `Numberofseats` int(11) NOT NULL
) ENGINE=InnoDB DEFAULT CHARSET=utf32 COLLATE=utf32_unicode_ci;

--
-- Đang đổ dữ liệu cho bảng `travelviewing`
--

INSERT INTO `travelviewing` (`id`, `title`, `iva1`, `iva2`, `iva3`, `content`, `code`, `Dday`, `time`, `startingplace`, `ToLocation`, `Numberofseats`) VALUES
(8, 'Du lịch Đà Nẵng - Ngũ Hành Sơn - Bà Nà - Phố Cổ Hội An dịp Lễ 30/4 từ Sài Gòn', './upload/image/images (2).jpg', './upload/image/lamp_tree_miniature_122836_3412x2000.jpg', './upload/image/34-hinh-anh-thien-nhien-dep-nhat-183-1.jpg', '<p>Điểm nhấn h&agrave;nh tr&igrave;nh</p>\r\n\r\n<table border=\"0\" cellpadding=\"1\" cellspacing=\"1\">\r\n	<tbody>\r\n		<tr>\r\n			<td><strong>H&agrave;nh tr&igrave;nh</strong></td>\r\n			<td><strong>Đ&agrave; Nẵng - Ngũ H&agrave;nh Sơn - B&agrave; N&agrave; - Phố Cổ Hội An&nbsp;</strong></td>\r\n		</tr>\r\n		<tr>\r\n			<td><strong>Lịch tr&igrave;nh</strong></td>\r\n			<td><strong>3 ng&agrave;y 2 đ&ecirc;m</strong></td>\r\n		</tr>\r\n		<tr>\r\n			<td><strong>Khởi h&agrave;nh</strong></td>\r\n			<td><strong>29,30/04 ;01/05</strong></td>\r\n		</tr>\r\n		<tr>\r\n			<td><strong>Vận chuyển</strong></td>\r\n			<td><strong>M&aacute;y bay khứ hồi &amp; Xe du lịch đời mới</strong></td>\r\n		</tr>\r\n		<tr>\r\n			<td>&nbsp;</td>\r\n			<td>&nbsp;</td>\r\n		</tr>\r\n	</tbody>\r\n</table>\r\n\r\n<p><em><strong>Du lịch Đ&agrave; Nẵng - Ngũ H&agrave;nh Sơn - B&agrave; N&agrave; - Phố Cổ Hội An dịp Lễ 30/4 từ S&agrave;i G&ograve;n - Du lịch Đ&agrave; Nẵng&nbsp;</strong>h&agrave;nh tr&igrave;nh kh&aacute;m ph&aacute; th&agrave;nh phố biển sầm uất nhất dải đất Miền Trung nắng gi&oacute;. Tham quan Ngũ H&agrave;nh Sơn phong cảnh hữu t&igrave;nh&nbsp;với&nbsp;hệ thống c&aacute;c&nbsp;hang động,&nbsp;ch&ugrave;a chiền&nbsp;linh thi&ecirc;ng cổ k&iacute;nh. Một ng&agrave;y vi vu tr&ecirc;n cao nguy&ecirc;n B&agrave; N&agrave; để kh&aacute;m ph&aacute; những t&ograve;a l&acirc;u đ&agrave;i mang đường lối kiến tr&uacute;c Ch&acirc;u &Acirc;u. Xu&ocirc;i về Quảng Nam, du kh&aacute;ch sẽ phải ngỡ ng&agrave;ng trước một Hội An y&ecirc;n b&igrave;nh nằm tọa lạc b&ecirc;n&nbsp;s&ocirc;ng Thu Bồn. Phố Cổ Hội An hấp dẫn du kh&aacute;ch bởi những d&atilde;y nh&agrave; m&agrave;u v&agrave;ng, m&aacute;i ng&oacute;i nằm san s&aacute;t nhau, những cửa h&agrave;ng truyền thống&nbsp;v&agrave; ẩm thực phong ph&uacute;. Đặc biệt trong&nbsp;<strong>tour du lịch Đ&agrave; Nẵng&nbsp;</strong>n&agrave;y, du kh&aacute;ch c&ograve;n được trực tiếp&nbsp;xem show diễn&nbsp;K&yacute; Ức Hội An. Đ&acirc;y l&agrave; show diễn duy nhất của Việt Nam&nbsp;được c&ocirc;ng chiếu tại Quảng Trường Thời Đại - New York. V&agrave;&nbsp;được b&aacute;o ch&iacute; quốc tế ghi nhận l&agrave; show diễn thực cảnh&nbsp;đẹp nhất thế giới.</em></p>\r\n\r\n<p><a href=\"javascript:void(0)\" id=\"xemthem\">Xem th&ecirc;m &raquo;</a></p>\r\n\r\n<p>Lịch tr&igrave;nh</p>\r\n\r\n<p>NG&Agrave;Y 1 |&nbsp;TP.HCM &ndash; Đ&Agrave; NẴNG &ndash; HỘI AN (ăn trưa, chiều)</p>\r\n\r\n<p><strong>S&aacute;ng: &nbsp; &nbsp;Qu&yacute; kh&aacute;ch c&oacute; mặt tại ga quốc nội, s&acirc;n bay T&acirc;n Sơn Nhất trước giờ bay &iacute;t nhất ba tiếng.</strong></p>\r\n\r\n<ul>\r\n	<li>Đại diện c&ocirc;ng ty Du Lịch Việt đ&oacute;n v&agrave; hỗ trợ Qu&yacute; Kh&aacute;ch l&agrave;m thủ tục đ&oacute;n chuyến bay đi Đ&agrave; Nẵng.</li>\r\n	<li>Đến s&acirc;n bay, Hướng dẫn vi&ecirc;n đ&oacute;n đo&agrave;n Tham quan Ngũ H&agrave;nh Sơn - được v&iacute; như h&ograve;n non bộ khổng lồ giữa l&ograve;ng th&agrave;nh phố Đ&agrave; Nẵng với Động Huyền Kh&ocirc;ng, Ch&ugrave;a Linh Ứng, Ch&ugrave;a Tam Thai, Vọng Hải Đ&agrave;i, &hellip;mua sắm qu&agrave; lưu niệm tại l&agrave;ng nghề đi&ecirc;u khắc đ&aacute; Non Nước.</li>\r\n</ul>\r\n\r\n<p>&nbsp;</p>\r\n\r\n<p><strong>Trưa: &nbsp; D&ugrave;ng cơm trưa.</strong></p>\r\n\r\n<ul>\r\n	<li>Đến Hội An, tham quan Phố Cổ Hội An - di sản văn ho&aacute; thế giới với Ch&ugrave;a Cầu Nhật Bản, Hội Qu&aacute;n Ph&uacute;c Kiến, Nh&agrave; Cổ Ph&ugrave;ng Hưng&hellip;</li>\r\n</ul>\r\n\r\n<p>&nbsp;</p>\r\n\r\n<p><strong>Chiều: &nbsp;D&ugrave;ng cơm chiều.</strong></p>\r\n\r\n<ul>\r\n	<li>Trải nghiệm Show diễn &ldquo;K&yacute; Ức Hội An&rdquo;, chương tr&igrave;nh văn h&oacute;a nghệ thuật ngo&agrave;i trời độc đ&aacute;o, với sự tổng h&ograve;a tinh tế của &acirc;m nhạc, thơ ca, &aacute;nh s&aacute;ng, nghệ thuật tr&igrave;nh diễn 3D, tạo h&igrave;nh, m&uacute;a&hellip; Vở diễn l&agrave; c&acirc;u chuyện t&aacute;i hiện lại những n&eacute;t văn h&oacute;a đặc trưng của Hội An 400 năm lịch sử với cuộc sống th&ocirc;n qu&ecirc; b&igrave;nh dị, tới những n&eacute;t ho&agrave;ng kim của một thương cảng sầm uất một thời. (chi ph&iacute; tự t&uacute;c)&nbsp;&nbsp; &nbsp;</li>\r\n	<li>Đo&agrave;n trở về, nghỉ đ&ecirc;m tại Đ&agrave; Nẵng. &nbsp; &nbsp; &nbsp;</li>\r\n</ul>\r\n\r\n<p>&nbsp;</p>\r\n\r\n<p>NG&Agrave;Y 2 |&nbsp;Đ&Agrave; NẴNG &ndash; CAO NGUY&Ecirc;N B&Agrave; N&Agrave; (ăn s&aacute;ng, chiều) (ăn trưa tự t&uacute;c) (Xem th&ecirc;m)</p>\r\n\r\n<p>NG&Agrave;Y 3 |&nbsp;Đ&Agrave; NẴNG &ndash; TP.HCM (ăn s&aacute;ng, trưa) (Xem th&ecirc;m)</p>\r\n\r\n<p>Dịch vụ bao gồm v&agrave; kh&ocirc;ng bao gồm</p>\r\n\r\n<p>Giờ bay c&oacute; thể thay đổi theo quy định của h&agrave;ng kh&ocirc;ng. Du Lịch Việt sẽ thay đổi chương tr&igrave;nh cho ph&ugrave; hợp với giờ bay mới nhưng sẽ kh&ocirc;ng chịu tr&aacute;ch nhiệm về c&aacute;c khoản chi ph&iacute; ph&aacute;t sinh.<br />\r\n<strong>Gi&aacute; tour bao gồm:</strong><br />\r\n-&nbsp;&nbsp; &nbsp;V&eacute; m&aacute;y bay khứ hồi TP.HCM &ndash; Đ&Agrave; NẴNG &ndash; TP.HCM (Vietjet Air, VietNamAirlines&hellip;)<br />\r\n-&nbsp;&nbsp; &nbsp;Xe tham quan (xe 16 chỗ, 29 chỗ, 35 chỗ, 45 chỗ) t&ugrave;y theo số lượng kh&aacute;ch thực tế tr&ecirc;n chuyến đi.<br />\r\n-&nbsp;&nbsp; &nbsp;Kh&aacute;ch sạn ti&ecirc;u chuẩn đầy đủ tiện nghi 2 kh&aacute;ch người lớn/ ph&ograve;ng. Nếu lẻ người thứ 3, đ&oacute;ng phụ ph&iacute; ph&ograve;ng đơn hoặc ngủ gh&eacute;p ph&ograve;ng 3 kh&aacute;ch.<br />\r\n+ Kh&aacute;ch sạn 3 sao tại Đ&agrave; Nẵng: H&ugrave;ng Anh,&hellip;hoặc tương đương.<br />\r\n-&nbsp;&nbsp; &nbsp;Ăn uống theo chương tr&igrave;nh:&nbsp;<br />\r\n+ Ăn phụ: 2 bữa buffet s&aacute;ng tại kh&aacute;ch sạn.&nbsp;<br />\r\n+ Ăn ch&iacute;nh: 4 bữa ch&iacute;nh ti&ecirc;u chuẩn 150.000/bữa.<br />\r\n-&nbsp;&nbsp; &nbsp;V&eacute; tham quan theo chương tr&igrave;nh.&nbsp;<br />\r\n-&nbsp;&nbsp; &nbsp;Hướng dẫn vi&ecirc;n tiếng Việt vui vẻ nhiệt t&igrave;nh suốt chuyến đi.<br />\r\n-&nbsp;&nbsp; &nbsp;Bảo hiểm với mức bồi thường tối đa 100.000.000 đồng/trường hợp. Kh&ocirc;ng &aacute;p dụng cho kh&aacute;ch từ 80 tuổi trở l&ecirc;n.<br />\r\n-&nbsp;&nbsp; &nbsp;Qu&agrave; tặng: n&oacute;n du lịch Việt, nước, khăn lạnh.<br />\r\n<strong>Kh&ocirc;ng bao gồm:</strong><br />\r\n-&nbsp;&nbsp; &nbsp;Bia hay nước ngọt trong c&aacute;c bữa ăn.<br />\r\n-&nbsp;&nbsp; &nbsp;Tham quan ngo&agrave;i chương tr&igrave;nh.<br />\r\n-&nbsp;&nbsp; &nbsp;Chi ph&iacute; c&aacute; nh&acirc;n: điện thoại, giặt ủi&hellip;<br />\r\n-&nbsp;&nbsp; &nbsp;V&eacute; c&aacute;p treo đi B&agrave; N&agrave;, c&ocirc;ng vi&ecirc;n Ch&acirc;u &Aacute;, C&ocirc;ng vi&ecirc;n Suối kho&aacute;ng n&oacute;ng N&uacute;i Thần T&agrave;i, Show K&yacute; ức Hội An &hellip;<br />\r\n-&nbsp;&nbsp; &nbsp;1 bữa ăn trưa ng&agrave;y thứ 2 tham quan B&agrave; N&agrave;.<br />\r\n-&nbsp;&nbsp; &nbsp;Chi ph&iacute; b&atilde;i biển: d&ugrave;, v&otilde;ng, tắm nước ngọt&hellip;<br />\r\n-&nbsp;&nbsp; &nbsp;Thuế VAT.</p>\r\n\r\n<p>Ng&agrave;y khởi h&agrave;nh kh&aacute;c</p>\r\n\r\n<table>\r\n	<thead>\r\n		<tr>\r\n			<th>STT</th>\r\n			<th>Ng&agrave;y khởi h&agrave;nh</th>\r\n			<th>Đặc điểm</th>\r\n			<th>Gi&aacute; từ</th>\r\n			<th>Số Chỗ</th>\r\n			<th>Book tour</th>\r\n		</tr>\r\n	</thead>\r\n	<tbody>\r\n		<tr>\r\n			<td>1</td>\r\n			<td>29/04/2021</td>\r\n			<td>Kh&aacute;ch sạn 3*</td>\r\n			<td>6,499,000đ</td>\r\n			<td>C&ograve;n 10 chỗ</td>\r\n			<td>\r\n			<p><a href=\"https://dulichviet.com.vn/thanh-toan-tour-du-lich?id=5464y2438424c4c4u25433\">Book</a>&nbsp;Chi tiết</p>\r\n			</td>\r\n		</tr>\r\n		<tr>\r\n			<td>2</td>\r\n			<td>30/04/2021</td>\r\n			<td>Kh&aacute;ch sạn 3*</td>\r\n			<td>6,699,000đ</td>\r\n			<td>C&ograve;n 10 chỗ</td>\r\n			<td>\r\n			<p><a href=\"https://dulichviet.com.vn/thanh-toan-tour-du-lich?id=5464y2438424c4c4u264u2\">Book</a>&nbsp;Chi tiết</p>\r\n			</td>\r\n		</tr>\r\n		<tr>\r\n			<td>3</td>\r\n			<td>01/05/2021</td>\r\n			<td>Kh&aacute;ch sạn 3*</td>\r\n			<td>6,499,000đ</td>\r\n			<td>C&ograve;n 10 chỗ</td>\r\n			<td>\r\n			<p><a href=\"https://dulichviet.com.vn/thanh-toan-tour-du-lich?id=5464y2438424c4c4u264v2\">Book</a>&nbsp;Chi tiết</p>\r\n			</td>\r\n		</tr>\r\n	</tbody>\r\n</table>\r\n\r\n<p>Ghi ch&uacute;</p>\r\n\r\n<p><strong>Gi&aacute; vé dành cho trẻ em:</strong><br />\r\n-&nbsp;&nbsp; &nbsp;Trẻ em dưới 02 tuổi: miễn gi&aacute; tour, gi&aacute; v&eacute; m&aacute;y bay theo quy định của h&atilde;ng h&agrave;ng kh&ocirc;ng, Cha, Mẹ hoặc người th&acirc;n đi k&egrave;m tự lo c&aacute;c chi ph&iacute; ăn, ngủ, tham quan (nếu c&oacute;) cho b&eacute;.&nbsp;<br />\r\n-&nbsp;&nbsp; &nbsp;Trẻ em từ 02 &ndash; dưới 05 tuổi: 100% gi&aacute; v&eacute; m&aacute;y bay; miễn gi&aacute; tour. Cha, Mẹ hoặc người th&acirc;n đi k&egrave;m tự lo c&aacute;c chi ph&iacute; ăn, ngủ, tham quan (nếu c&oacute;) cho b&eacute;. Hai người lớn chỉ k&egrave;m 1 trẻ em dưới 5 tuổi, trẻ em thứ 2 trở l&ecirc;n phải mua &frac12; v&eacute; tour.<br />\r\n-&nbsp;&nbsp; &nbsp;Trẻ em từ 05 &ndash; dưới 11 tuổi: 100% gi&aacute; v&eacute; m&aacute;y bay; 50% gi&aacute; tour. Bao gồm c&aacute;c dịch vụ ăn uống, ghế ngồi tr&ecirc;n xe v&agrave; ngủ chung với gia đ&igrave;nh. Hai người lớn chỉ được k&egrave;m 1 trẻ em từ 5 đến dưới 11 tuổi, trẻ em thứ 2 trở l&ecirc;n Cha, Mẹ n&ecirc;n mua th&ecirc;m 1 suất giường đơn.<br />\r\n-&nbsp;&nbsp; &nbsp;Từ 11 tuổi trở l&ecirc;n: 100% gi&aacute; tour v&agrave; ti&ecirc;u chuẩn như người lớn.<br />\r\nQuy định thanh to&aacute;n, hủy v&eacute;:<br />\r\n-&nbsp;&nbsp; &nbsp;Sau khi x&aacute;c nhận v&agrave; thanh to&aacute;n (&iacute;t nhất 50% tiền cọc giữ chỗ v&agrave; thanh to&aacute;n đủ 100% tổng gi&aacute; trị tiền tour trước 15 ng&agrave;y khởi h&agrave;nh).<br />\r\n-&nbsp;&nbsp; &nbsp; Khi đến ng&agrave;y thanh to&aacute;n đủ 100% tổng gi&aacute; trị tiền tour, nếu Qu&yacute; kh&aacute;ch kh&ocirc;ng thanh to&aacute;n đ&uacute;ng hạn v&agrave; đ&uacute;ng số tiền được xem như Qu&yacute; kh&aacute;ch tự &yacute; huỷ tour v&agrave; mất hết số tiền đ&atilde; đặt cọc giữ chỗ.<br />\r\n-&nbsp;&nbsp; &nbsp;V&eacute; M&aacute;y Bay / v&eacute; xe lửa / v&eacute; t&agrave;u cao tốc được xuất ngay sau khi qu&yacute; kh&aacute;ch đ&oacute;ng tiền v&agrave; c&oacute; x&aacute;c nhận sự ch&iacute;nh x&aacute;c về họ, t&ecirc;n (đ&uacute;ng từng k&yacute; tự ghi trong hộ chiếu hoặc CMND), ng&agrave;y-th&aacute;ng-năm sinh &hellip; của h&agrave;nh kh&aacute;ch theo y&ecirc;u cầu của h&atilde;ng vận chuyển. Mọi sự thay đổi li&ecirc;n quan đến v&eacute; đ&atilde; xuất: ng&agrave;y giờ đi, t&ecirc;n h&agrave;nh kh&aacute;ch, hủy v&eacute;, qu&yacute; kh&aacute;ch vui l&ograve;ng chịu chi ph&iacute; theo qui định sau:<br />\r\n* &nbsp; &nbsp;Ngay sau khi Qu&yacute; kh&aacute;ch đăng k&yacute; tour nếu hủy sẽ bị phạt tiền tour v&agrave; v&eacute; m&aacute;y bay: &nbsp;<br />\r\n-&nbsp;&nbsp; &nbsp;Ngay sau khi đặt cọc hoặc thanh to&aacute;n hoặc trước 15 ng&agrave;y: ph&iacute; hủy 35% tiền tour+ 100% V&eacute; m&aacute;y bay.<br />\r\n-&nbsp;&nbsp; &nbsp;Hủy 10 ng&agrave;y trước ng&agrave;y khởi h&agrave;nh: ph&iacute; hủy 50% tiền tour + 100% v&eacute; m&aacute;y bay.<br />\r\n-&nbsp;&nbsp; &nbsp;Hủy 07 ng&agrave;y trước ng&agrave;y khởi h&agrave;nh: ph&iacute; hủy 70% tiền tour &nbsp;+ 100% v&eacute; m&aacute;y bay.<br />\r\n-&nbsp;&nbsp; &nbsp;Hủy &nbsp;05 ng&agrave;y trước ng&agrave;y khởi h&agrave;nh: ph&iacute; hủy 100% tiền tour &nbsp;+ 100% v&eacute; m&aacute;y bay.&nbsp;<br />\r\n-&nbsp;&nbsp; &nbsp;Trường hợp qu&yacute; kh&aacute;ch đến trễ giờ khởi h&agrave;nh được t&iacute;nh l&agrave; hủy 5 ng&agrave;y trước ng&agrave;y khởi h&agrave;nh.<br />\r\n-&nbsp;&nbsp; &nbsp;Do t&iacute;nh chất l&agrave; đo&agrave;n gh&eacute;p kh&aacute;ch lẻ, Du Lịch Việt sẽ c&oacute; tr&aacute;ch nhiệm nhận kh&aacute;ch đăng k&yacute; cho đủ đo&agrave;n (10 kh&aacute;ch người lớn trở l&ecirc;n) th&igrave; đo&agrave;n sẽ khởi h&agrave;nh đ&uacute;ng lịch tr&igrave;nh. Nếu số lượng đo&agrave;n dưới 10 kh&aacute;ch, c&ocirc;ng ty c&oacute; tr&aacute;ch nhiệm th&ocirc;ng b&aacute;o cho kh&aacute;ch trước ng&agrave;y khởi h&agrave;nh 3 ng&agrave;y v&agrave; sẽ thỏa thuận lại ng&agrave;y khởi h&agrave;nh mới hoặc ho&agrave;n trả to&agrave;n bộ số tiền đ&atilde; đặt cọc tour.<br />\r\n-&nbsp;&nbsp; &nbsp;Việc huỷ bỏ chuyến đi phải được th&ocirc;ng b&aacute;o trực tiếp với C&ocirc;ng ty hoặc qua fax, email, tin nhắn v&agrave; phải được C&ocirc;ng ty x&aacute;c nhận. Việc huỷ bỏ bằng điện thoại kh&ocirc;ng được chấp nhận.<br />\r\n-&nbsp;&nbsp; &nbsp;C&aacute;c ng&agrave;y đặt cọc, thanh to&aacute;n, huỷ v&agrave; dời tour: kh&ocirc;ng t&iacute;nh thứ 7, Chủ Nhật.<br />\r\n-&nbsp;&nbsp; &nbsp;Trong những trường hợp bất khả kh&aacute;ng như: khủng bố, bạo động, thi&ecirc;n tai, lũ lụt&hellip; Tuỳ theo t&igrave;nh h&igrave;nh thực tế v&agrave; sự thuận tiện, an to&agrave;n của kh&aacute;ch h&agrave;ng, c&ocirc;ng ty Du Lịch sẽ chủ động th&ocirc;ng b&aacute;o cho kh&aacute;ch h&agrave;ng sự thay đổi như sau: huỷ hoặc thay thế bằng một chương tr&igrave;nh mới với chi ph&iacute; tương đương chương tr&igrave;nh tham quan trước đ&oacute;. Trong trường hợp chương tr&igrave;nh mới c&oacute; ph&aacute;t sinh th&igrave; Kh&aacute;ch h&agrave;ng sẽ thanh to&aacute;n khoản ph&aacute;t sinh n&agrave;y. Tuy nhi&ecirc;n, mỗi b&ecirc;n c&oacute; tr&aacute;ch nhiệm cố gắng tối đa, gi&uacute;p đỡ b&ecirc;n bị thiệt hại nhằm giảm thiểu c&aacute;c tổn thất g&acirc;y ra v&igrave; l&yacute; do bất khả kh&aacute;ng.&hellip;<br />\r\n-&nbsp;&nbsp; &nbsp;Đối với sự thay đổi lịch tr&igrave;nh, giờ bay do lỗi của h&atilde;ng h&agrave;ng kh&ocirc;ng, t&agrave;u hoả, t&agrave;u thuỷ, Du Lịch Việt sẽ kh&ocirc;ng chịu tr&aacute;ch nhiệm bất kỳ ph&aacute;t sinh n&agrave;o do lỗi tr&ecirc;n như: ph&aacute;t sinh bữa ăn, nh&agrave; h&agrave;ng, kh&aacute;ch sạn, phương tiện di chuyển, hướng dẫn vi&ecirc;n, &hellip;.&nbsp;</p>\r\n\r\n<p><strong>ĐIỀU KIỆN BẢO LƯU TOUR DO ẢNH HƯỞNG CỦA DỊCH COVID&nbsp;</strong><br />\r\n1. Kh&aacute;ch h&agrave;ng thuộc c&aacute;c điều kiện như sau:</p>\r\n\r\n<p>&bull; Kh&aacute;ch c&oacute; tour đi đến V&ugrave;ng đang c&oacute; Dịch, đang bị phong tỏa c&aacute;ch ly hoặc giản c&aacute;ch x&atilde; hội.</p>\r\n\r\n<p>&bull; Kh&aacute;ch đang bị c&aacute;ch ly phong tỏa do khu vực kh&aacute;ch lưu tr&uacute; đang nằm trong v&ugrave;ng Dịch.</p>\r\n\r\n<p>&bull; Kh&aacute;ch l&agrave; trường hợp F1, F2, F3,&hellip;đang được y&ecirc;u cầu c&aacute;ch ly tại nh&agrave; hoặc c&oacute; tiếp x&uacute;c qua người nghi nhiễm.&nbsp;<br />\r\n2. Kh&aacute;ch h&agrave;ng, nếu thuộc trong c&aacute;c trường hợp n&ecirc;u tr&ecirc;n sẽ được Bảo lưu tour cụ thể như sau:</p>\r\n\r\n<p>&bull; Bảo lưu trong thời gian 365 ng&agrave;y kể từ ng&agrave;y kh&aacute;ch th&ocirc;ng b&aacute;o cho c&ocirc;ng ty. Lưu &yacute;: Kh&aacute;ch h&agrave;ng phải cung cấp đầy đủ giấy tờ chứng minh đang thuộc c&aacute;c trường hợp tr&ecirc;n bao gồm : chứng minh nh&acirc;n d&acirc;n , sổ hộ khẩu, giấy x&aacute;c nhận của địa phương ( nếu thuộc điều kiện 2,3)<br />\r\n3.Trường hợp một số điểm tham quan trong chương tr&igrave;nh nằm trong v&ugrave;ng dịch, C&ocirc;ng ty sẽ thay đổi h&agrave;nh trinh, điểm tham quan hợp l&yacute; nhất.</p>\r\n\r\n<p><strong>Lưu &yacute; :</strong><br />\r\n-&nbsp;&nbsp; &nbsp;Khi đăng k&yacute; tour kh&aacute;ch h&agrave;ng bắt buộc phải gởi giấy tờ t&ugrave;y th&acirc;n cho đơn vị du lịch để v&agrave;o t&ecirc;n xuất v&eacute; v&agrave; mua bảo hiểm du lịch. Những giấy tờ c&aacute; nh&acirc;n của kh&aacute;ch h&agrave;ng (CMND hoặc Passport) thuộc về tr&aacute;ch nhiệm của kh&aacute;ch h&agrave;ng. Mọi vấn đề như h&igrave;nh ảnh, th&ocirc;ng tin giấy tờ trong bản gốc bị mờ, kh&ocirc;ng r&otilde; r&agrave;ng; Passport, CMND hết hạn,&hellip; kh&ocirc;ng đ&uacute;ng quy định của ph&aacute;p luật Việt Nam, Du Lịch Việt sẽ kh&ocirc;ng chịu tr&aacute;ch nhiệm v&agrave; sẽ kh&ocirc;ng ho&agrave;n trả bất cứ chi ph&iacute; ph&aacute;t sinh n&agrave;o.<br />\r\n-&nbsp;&nbsp; &nbsp;Đối với kh&aacute;ch Nước ngo&agrave;i/Việt Kiều: Khi đi tour phải mang theo đầy đủ Passport (Hộ Chiếu), Visa Việt Nam bản ch&iacute;nh c&ograve;n hạn sử dụng l&agrave;m thủ tục l&ecirc;n m&aacute;y bay theo qui định h&agrave;ng kh&ocirc;ng. &nbsp;<br />\r\n-&nbsp;&nbsp; &nbsp;Trẻ em (dưới 12 tuổi) khi đi du lịch mang theo giấy khai sinh (bản ch&iacute;nh hoặc sao y c&oacute; thị thực c&ograve;n hạn sử dụng) để &nbsp;l&agrave;m thủ tục h&agrave;ng kh&ocirc;ng.&nbsp;<br />\r\n-&nbsp;&nbsp; &nbsp;Qu&yacute; kh&aacute;ch từ 14 tuổi bắt buộc phải c&oacute; CMND hoặc Passport (c&ograve;n hạn sử dụng), KH&Ocirc;NG SỬ DỤNG GIẤY KHAI SINH. Nếu trẻ em từ 14 tuổi chưa c&oacute; CMND hoặc Passport bắt buộc phải c&oacute;', 'GHHJGFJĐ-GHJHGJHG', '2021-03-03', 3, 'Ha Noi', 'Da Nang', 15),
(9, ' Khu Du Lịch Suối Mơ Đồng Nai', './upload/image/a.jpg', './upload/image/b.jpg', './upload/image/c.jpg', '<p>Điểm nhấn h&agrave;nh tr&igrave;nh</p>\r\n\r\n<table border=\"0\" cellpadding=\"1\" cellspacing=\"1\">\r\n	<tbody>\r\n		<tr>\r\n			<td><strong>H&agrave;nh tr&igrave;nh</strong></td>\r\n			<td><strong>Bình Định - Đồng Nai</strong></td>\r\n		</tr>\r\n		<tr>\r\n			<td><strong>Lịch tr&igrave;nh</strong></td>\r\n			<td><strong>3ngay 3 dem</strong></td>\r\n		</tr>\r\n		<tr>\r\n			<td><strong>Khởi h&agrave;nh</strong></td>\r\n			<td><strong></strong></td>\r\n		</tr>\r\n		<tr>\r\n			<td><strong>Vận chuyển</strong></td>\r\n			<td><strong>M&aacute;y bay khứ hồi &amp; Xe du lịch đời mới</strong></td>\r\n		</tr>\r\n		<tr>\r\n			<td>&nbsp;</td>\r\n			<td>&nbsp;</td>\r\n		</tr>\r\n	</tbody>\r\n</table>\r\n	Chỉ cách Sài Gòn 100Km, khu du lịch Suối Mơ là một trong những khu du lịch ở Việt Nam có kiến tạo thiên nhiên ấn tượng nhất. Bên cạnh thác nhân tạo, suối mát lạnh cùng không gian xanh trong lành, khu du lịch này còn mang đến nhiều trò chơi dưới nước hấp dẫn, thu hút nhiều bạn trẻ đến khám phá. Nơi đây hoàn toàn phù hợp cho những buổi dã ngoại cùng gia đình và bạn bè trong dịp cuối tuần.\r\n\r\n<table>\r\n	<thead>\r\n		<tr>\r\n			<th>STT</th>\r\n			<th>Ng&agrave;y khởi h&agrave;nh</th>\r\n			<th>Đặc điểm</th>\r\n			<th>Gi&aacute; từ</th>\r\n			<th>Số Chỗ</th>\r\n			<th>Book tour</th>\r\n		</tr>\r\n	</thead>\r\n	<tbody>\r\n		<tr>\r\n			<td>1</td>\r\n			<td>1/08/2021</td>\r\n			<td>Kh&aacute;ch sạn 3*</td>\r\n			<td>6,499,000đ</td>\r\n			<td>C&ograve;n 10 chỗ</td>\r\n			<td>\r\n			<p><a id=5464y2438424c4c4u25433\">Book</a>&nbsp;Chi tiết</p>\r\n			</td>\r\n		</tr>\r\n		<tr>\r\n			<td>2</td>\r\n			<td>2/08/2021</td>\r\n			<td>Kh&aacute;ch sạn 3*</td>\r\n			<td>6,699,000đ</td>\r\n			<td>C&ograve;n 10 chỗ</td>\r\n			<td>\r\n			<p><a id=5464y2438424c4c4u264u2\">Book</a>&nbsp;Chi tiết</p>\r\n			</td>\r\n		</tr>\r\n		<tr>\r\n			<td>3</td>\r\n			<td>3/08/2021</td>\r\n			<td>Kh&aacute;ch sạn 3*</td>\r\n			<td>6,499,000đ</td>\r\n			<td>C&ograve;n 10 chỗ</td>\r\n			<td>\r\n			<p><a id=5464y2438424c4c4u264v2\">Book</a>&nbsp;Chi tiết</p>\r\n			</td>\r\n		</tr>\r\n	</tbody>\r\n</table>\r\n\r\n<p>Ghi ch&uacute;</p>\r\n\r\n<p><strong>Gi&aacute; vé dành cho trẻ em:</strong><br />\r\n-&nbsp;&nbsp; &nbsp;Trẻ em dưới 02 tuổi: miễn gi&aacute; tour, gi&aacute; v&eacute; m&aacute;y bay theo quy định của h&atilde;ng h&agrave;ng kh&ocirc;ng, Cha, Mẹ hoặc người th&acirc;n đi k&egrave;m tự lo c&aacute;c chi ph&iacute; ăn, ngủ, tham quan (nếu c&oacute;) cho b&eacute;.&nbsp;<br />\r\n-&nbsp;&nbsp; &nbsp;Trẻ em từ 02 &ndash; dưới 05 tuổi: 100% gi&aacute; v&eacute; m&aacute;y bay; miễn gi&aacute; tour. Cha, Mẹ hoặc người th&acirc;n đi k&egrave;m tự lo c&aacute;c chi ph&iacute; ăn, ngủ, tham quan (nếu c&oacute;) cho b&eacute;. Hai người lớn chỉ k&egrave;m 1 trẻ em dưới 5 tuổi, trẻ em thứ 2 trở l&ecirc;n phải mua &frac12; v&eacute; tour.<br />\r\n-&nbsp;&nbsp; &nbsp;Trẻ em từ 05 &ndash; dưới 11 tuổi: 100% gi&aacute; v&eacute; m&aacute;y bay; 50% gi&aacute; tour. Bao gồm c&aacute;c dịch vụ ăn uống, ghế ngồi tr&ecirc;n xe v&agrave; ngủ chung với gia đ&igrave;nh. Hai người lớn chỉ được k&egrave;m 1 trẻ em từ 5 đến dưới 11 tuổi, trẻ em thứ 2 trở l&ecirc;n Cha, Mẹ n&ecirc;n mua th&ecirc;m 1 suất giường đơn.<br />\r\n-&nbsp;&nbsp; &nbsp;Từ 11 tuổi trở l&ecirc;n: 100% gi&aacute; tour v&agrave; ti&ecirc;u chuẩn như người lớn.<br />\r\nQuy định thanh to&aacute;n, hủy v&eacute;:<br />\r\n-&nbsp;&nbsp; &nbsp;Sau khi x&aacute;c nhận v&agrave; thanh to&aacute;n (&iacute;t nhất 50% tiền cọc giữ chỗ v&agrave; thanh to&aacute;n đủ 100% tổng gi&aacute; trị tiền tour trước 15 ng&agrave;y khởi h&agrave;nh).<br />\r\n-&nbsp;&nbsp; &nbsp; Khi đến ng&agrave;y thanh to&aacute;n đủ 100% tổng gi&aacute; trị tiền tour, nếu Qu&yacute; kh&aacute;ch kh&ocirc;ng thanh to&aacute;n đ&uacute;ng hạn v&agrave; đ&uacute;ng số tiền được xem như Qu&yacute; kh&aacute;ch tự &yacute; huỷ tour v&agrave; mất hết số tiền đ&atilde; đặt cọc giữ chỗ.<br />\r\n-&nbsp;&nbsp; &nbsp;V&eacute; M&aacute;y Bay / v&eacute; xe lửa / v&eacute; t&agrave;u cao tốc được xuất ngay sau khi qu&yacute; kh&aacute;ch đ&oacute;ng tiền v&agrave; c&oacute; x&aacute;c nhận sự ch&iacute;nh x&aacute;c về họ, t&ecirc;n (đ&uacute;ng từng k&yacute; tự ghi trong hộ chiếu hoặc CMND), ng&agrave;y-th&aacute;ng-năm sinh &hellip; của h&agrave;nh kh&aacute;ch theo y&ecirc;u cầu của h&atilde;ng vận chuyển. Mọi sự thay đổi li&ecirc;n quan đến v&eacute; đ&atilde; xuất: ng&agrave;y giờ đi, t&ecirc;n h&agrave;nh kh&aacute;ch, hủy v&eacute;, qu&yacute; kh&aacute;ch vui l&ograve;ng chịu chi ph&iacute; theo qui định sau:<br />\r\n* &nbsp; &nbsp;Ngay sau khi Qu&yacute; kh&aacute;ch đăng k&yacute; tour nếu hủy sẽ bị phạt tiền tour v&agrave; v&eacute; m&aacute;y bay: &nbsp;<br />\r\n-&nbsp;&nbsp; &nbsp;Ngay sau khi đặt cọc hoặc thanh to&aacute;n hoặc trước 15 ng&agrave;y: ph&iacute; hủy 35% tiền tour+ 100% V&eacute; m&aacute;y bay.<br />\r\n-&nbsp;&nbsp; &nbsp;Hủy 10 ng&agrave;y trước ng&agrave;y khởi h&agrave;nh: ph&iacute; hủy 50% tiền tour + 100% v&eacute; m&aacute;y bay.<br />\r\n-&nbsp;&nbsp; &nbsp;Hủy 07 ng&agrave;y trước ng&agrave;y khởi h&agrave;nh: ph&iacute; hủy 70% tiền tour &nbsp;+ 100% v&eacute; m&aacute;y bay.<br />\r\n-&nbsp;&nbsp; &nbsp;Hủy &nbsp;05 ng&agrave;y trước ng&agrave;y khởi h&agrave;nh: ph&iacute; hủy 100% tiền tour &nbsp;+ 100% v&eacute; m&aacute;y bay.&nbsp;<br />\r\n-&nbsp;&nbsp; &nbsp;Trường hợp qu&yacute; kh&aacute;ch đến trễ giờ khởi h&agrave;nh được t&iacute;nh l&agrave; hủy 5 ng&agrave;y trước ng&agrave;y khởi h&agrave;nh.<br />\r\n-&nbsp;&nbsp; &nbsp;Do t&iacute;nh chất l&agrave; đo&agrave;n gh&eacute;p kh&aacute;ch lẻ, Du Lịch Việt sẽ c&oacute; tr&aacute;ch nhiệm nhận kh&aacute;ch đăng k&yacute; cho đủ đo&agrave;n (10 kh&aacute;ch người lớn trở l&ecirc;n) th&igrave; đo&agrave;n sẽ khởi h&agrave;nh đ&uacute;ng lịch tr&igrave;nh. Nếu số lượng đo&agrave;n dưới 10 kh&aacute;ch, c&ocirc;ng ty c&oacute; tr&aacute;ch nhiệm th&ocirc;ng b&aacute;o cho kh&aacute;ch trước ng&agrave;y khởi h&agrave;nh 3 ng&agrave;y v&agrave; sẽ thỏa thuận lại ng&agrave;y khởi h&agrave;nh mới hoặc ho&agrave;n trả to&agrave;n bộ số tiền đ&atilde; đặt cọc tour.<br />\r\n-&nbsp;&nbsp; &nbsp;Việc huỷ bỏ chuyến đi phải được th&ocirc;ng b&aacute;o trực tiếp với C&ocirc;ng ty hoặc qua fax, email, tin nhắn v&agrave; phải được C&ocirc;ng ty x&aacute;c nhận. Việc huỷ bỏ bằng điện thoại kh&ocirc;ng được chấp nhận.<br />\r\n-&nbsp;&nbsp; &nbsp;C&aacute;c ng&agrave;y đặt cọc, thanh to&aacute;n, huỷ v&agrave; dời tour: kh&ocirc;ng t&iacute;nh thứ 7, Chủ Nhật.<br />\r\n-&nbsp;&nbsp; &nbsp;Trong những trường hợp bất khả kh&aacute;ng như: khủng bố, bạo động, thi&ecirc;n tai, lũ lụt&hellip; Tuỳ theo t&igrave;nh h&igrave;nh thực tế v&agrave; sự thuận tiện, an to&agrave;n của kh&aacute;ch h&agrave;ng, c&ocirc;ng ty Du Lịch sẽ chủ động th&ocirc;ng b&aacute;o cho kh&aacute;ch h&agrave;ng sự thay đổi như sau: huỷ hoặc thay thế bằng một chương tr&igrave;nh mới với chi ph&iacute; tương đương chương tr&igrave;nh tham quan trước đ&oacute;. Trong trường hợp chương tr&igrave;nh mới c&oacute; ph&aacute;t sinh th&igrave; Kh&aacute;ch h&agrave;ng sẽ thanh to&aacute;n khoản ph&aacute;t sinh n&agrave;y. Tuy nhi&ecirc;n, mỗi b&ecirc;n c&oacute; tr&aacute;ch nhiệm cố gắng tối đa, gi&uacute;p đỡ b&ecirc;n bị thiệt hại nhằm giảm thiểu c&aacute;c tổn thất g&acirc;y ra v&igrave; l&yacute; do bất khả kh&aacute;ng.&hellip;<br />\r\n-&nbsp;&nbsp; &nbsp;Đối với sự thay đổi lịch tr&igrave;nh, giờ bay do lỗi của h&atilde;ng h&agrave;ng kh&ocirc;ng, t&agrave;u hoả, t&agrave;u thuỷ, Du Lịch Việt sẽ kh&ocirc;ng chịu tr&aacute;ch nhiệm bất kỳ ph&aacute;t sinh n&agrave;o do lỗi tr&ecirc;n như: ph&aacute;t sinh bữa ăn, nh&agrave; h&agrave;ng, kh&aacute;ch sạn, phương tiện di chuyển, hướng dẫn vi&ecirc;n, &hellip;.&nbsp;</p>\r\n\r\n<p><strong>ĐIỀU KIỆN BẢO LƯU TOUR DO ẢNH HƯỞNG CỦA DỊCH COVID&nbsp;</strong><br />\r\n1. Kh&aacute;ch h&agrave;ng thuộc c&aacute;c điều kiện như sau:</p>\r\n\r\n<p>&bull; Kh&aacute;ch c&oacute; tour đi đến V&ugrave;ng đang c&oacute; Dịch, đang bị phong tỏa c&aacute;ch ly hoặc giản c&aacute;ch x&atilde; hội.</p>\r\n\r\n<p>&bull; Kh&aacute;ch đang bị c&aacute;ch ly phong tỏa do khu vực kh&aacute;ch lưu tr&uacute; đang nằm trong v&ugrave;ng Dịch.</p>\r\n\r\n<p>&bull; Kh&aacute;ch l&agrave; trường hợp F1, F2, F3,&hellip;đang được y&ecirc;u cầu c&aacute;ch ly tại nh&agrave; hoặc c&oacute; tiếp x&uacute;c qua người nghi nhiễm.&nbsp;<br />\r\n2. Kh&aacute;ch h&agrave;ng, nếu thuộc trong c&aacute;c trường hợp n&ecirc;u tr&ecirc;n sẽ được Bảo lưu tour cụ thể như sau:</p>\r\n\r\n<p>&bull; Bảo lưu trong thời gian 365 ng&agrave;y kể từ ng&agrave;y kh&aacute;ch th&ocirc;ng b&aacute;o cho c&ocirc;ng ty. Lưu &yacute;: Kh&aacute;ch h&agrave;ng phải cung cấp đầy đủ giấy tờ chứng minh đang thuộc c&aacute;c trường hợp tr&ecirc;n bao gồm : chứng minh nh&acirc;n d&acirc;n , sổ hộ khẩu, giấy x&aacute;c nhận của địa phương ( nếu thuộc điều kiện 2,3)<br />\r\n3.Trường hợp một số điểm tham quan trong chương tr&igrave;nh nằm trong v&ugrave;ng dịch, C&ocirc;ng ty sẽ thay đổi h&agrave;nh trinh, điểm tham quan hợp l&yacute; nhất.</p>\r\n\r\n<p><strong>Lưu &yacute; :</strong><br />\r\n-&nbsp;&nbsp; &nbsp;Khi đăng k&yacute; tour kh&aacute;ch h&agrave;ng bắt buộc phải gởi giấy tờ t&ugrave;y th&acirc;n cho đơn vị du lịch để v&agrave;o t&ecirc;n xuất v&eacute; v&agrave; mua bảo hiểm du lịch. Những giấy tờ c&aacute; nh&acirc;n của kh&aacute;ch h&agrave;ng (CMND hoặc Passport) thuộc về tr&aacute;ch nhiệm của kh&aacute;ch h&agrave;ng. Mọi vấn đề như h&igrave;nh ảnh, th&ocirc;ng tin giấy tờ trong bản gốc bị mờ, kh&ocirc;ng r&otilde; r&agrave;ng; Passport, CMND hết hạn,&hellip; kh&ocirc;ng đ&uacute;ng quy định của ph&aacute;p luật Việt Nam, Du Lịch Việt sẽ kh&ocirc;ng chịu tr&aacute;ch nhiệm v&agrave; sẽ kh&ocirc;ng ho&agrave;n trả bất cứ chi ph&iacute; ph&aacute;t sinh n&agrave;o.<br />\r\n-&nbsp;&nbsp; &nbsp;Đối với kh&aacute;ch Nước ngo&agrave;i/Việt Kiều: Khi đi tour phải mang theo đầy đủ Passport (Hộ Chiếu), Visa Việt Nam bản ch&iacute;nh c&ograve;n hạn sử dụng l&agrave;m thủ tục l&ecirc;n m&aacute;y bay theo qui định h&agrave;ng kh&ocirc;ng. &nbsp;<br />\r\n-&nbsp;&nbsp; &nbsp;Trẻ em (dưới 12 tuổi) khi đi du lịch mang theo giấy khai sinh (bản ch&iacute;nh hoặc sao y c&oacute; thị thực c&ograve;n hạn sử dụng) để &nbsp;l&agrave;m thủ tục h&agrave;ng kh&ocirc;ng.&nbsp;<br />\r\n-&nbsp;&nbsp; &nbsp;Qu&yacute; kh&aacute;ch từ 14 tuổi bắt buộc phải c&oacute; CMND hoặc Passport (c&ograve;n hạn sử dụng), KH&Ocirc;NG SỬ DỤNG GIẤY KHAI SINH. Nếu trẻ em từ 14 tuổi chưa c&oacute; CMND hoặc Passport bắt buộc phải c&oacute;	', 'AAAAAA-CCCCC', '2021-03-08', 3, 'Bình Định', 'Đồng Nai', 20),
(11, ' Khu Du Lịch Văn Hóa Suối Tiên', './upload/image/aa.jpg', './upload/image/bb.jpg', './upload/image/cc.jpg', '<p>Điểm nhấn h&agrave;nh tr&igrave;nh</p>\r\n\r\n<table border=\"0\" cellpadding=\"1\" cellspacing=\"1\">\r\n	<tbody>\r\n		<tr>\r\n			<td><strong>H&agrave;nh tr&igrave;nh</strong></td>\r\n			<td><strong>Bình Định - Đồng Nai</strong></td>\r\n		</tr>\r\n		<tr>\r\n			<td><strong>Lịch tr&igrave;nh</strong></td>\r\n			<td><strong>3ngay 3 dem</strong></td>\r\n		</tr>\r\n		<tr>\r\n			<td><strong>Khởi h&agrave;nh</strong></td>\r\n			<td><strong></strong></td>\r\n		</tr>\r\n		<tr>\r\n			<td><strong>Vận chuyển</strong></td>\r\n			<td><strong>M&aacute;y bay khứ hồi &amp; Xe du lịch đời mới</strong></td>\r\n		</tr>\r\n		<tr>\r\n			<td>&nbsp;</td>\r\n			<td>&nbsp;</td>\r\n		</tr>\r\n	</tbody>\r\n</table>\r\n	Suối Tiên là địa điểm không còn quá xa lạ nhưng vẫn đủ sức hút để chào đón hàng triệu lượt khách du lịch mỗi năm. Khu du lịch này vốn rất nổi tiếng với đa dạng trò chơi cảm giác mạnh, công viên nước, khu vực thư giãn đến làng văn hoá đậm quốc hồn quốc tuý. Đặc biệt là vào dịp lễ tết, công viên Suối Tiên có tổ chức nhiều hoạt động truyền thống như múa lân sư rồng, hội chợ ẩm thực và trình diễn văn nghệ sôi động. Thêm một khu du lịch ở Việt Nam lý tưởng để cho vào lịch trình vi vu ngày Tết nè! \r\n<table>\r\n	<thead>\r\n		<tr>\r\n			<th>STT</th>\r\n			<th>Ng&agrave;y khởi h&agrave;nh</th>\r\n			<th>Đặc điểm</th>\r\n			<th>Gi&aacute; từ</th>\r\n			<th>Số Chỗ</th>\r\n			<th>Book tour</th>\r\n		</tr>\r\n	</thead>\r\n	<tbody>\r\n		<tr>\r\n			<td>1</td>\r\n			<td>1/10/2021</td>\r\n			<td>Kh&aacute;ch sạn 3*</td>\r\n			<td>6,499,000đ</td>\r\n			<td>C&ograve;n 10 chỗ</td>\r\n			<td>\r\n			<p><a id=5464y2438424c4c4u25433\">Book</a>&nbsp;Chi tiết</p>\r\n			</td>\r\n		</tr>\r\n		<tr>\r\n			<td>2</td>\r\n			<td>2/10/2021</td>\r\n			<td>Kh&aacute;ch sạn 3*</td>\r\n			<td>6,699,000đ</td>\r\n			<td>C&ograve;n 10 chỗ</td>\r\n			<td>\r\n			<p><a id=5464y2438424c4c4u264u2\">Book</a>&nbsp;Chi tiết</p>\r\n			</td>\r\n		</tr>\r\n		<tr>\r\n			<td>3</td>\r\n			<td>3/10/2021</td>\r\n			<td>Kh&aacute;ch sạn 3*</td>\r\n			<td>6,499,000đ</td>\r\n			<td>C&ograve;n 10 chỗ</td>\r\n			<td>\r\n			<p><a id=5464y2438424c4c4u264v2\">Book</a>&nbsp;Chi tiết</p>\r\n			</td>\r\n		</tr>\r\n	</tbody>\r\n</table>\r\n\r\n<p>Ghi ch&uacute;</p>\r\n\r\n<p><strong>Gi&aacute; vé dành cho trẻ em:</strong><br />\r\n-&nbsp;&nbsp; &nbsp;Trẻ em dưới 02 tuổi: miễn gi&aacute; tour, gi&aacute; v&eacute; m&aacute;y bay theo quy định của h&atilde;ng h&agrave;ng kh&ocirc;ng, Cha, Mẹ hoặc người th&acirc;n đi k&egrave;m tự lo c&aacute;c chi ph&iacute; ăn, ngủ, tham quan (nếu c&oacute;) cho b&eacute;.&nbsp;<br />\r\n-&nbsp;&nbsp; &nbsp;Trẻ em từ 02 &ndash; dưới 05 tuổi: 100% gi&aacute; v&eacute; m&aacute;y bay; miễn gi&aacute; tour. Cha, Mẹ hoặc người th&acirc;n đi k&egrave;m tự lo c&aacute;c chi ph&iacute; ăn, ngủ, tham quan (nếu c&oacute;) cho b&eacute;. Hai người lớn chỉ k&egrave;m 1 trẻ em dưới 5 tuổi, trẻ em thứ 2 trở l&ecirc;n phải mua &frac12; v&eacute; tour.<br />\r\n-&nbsp;&nbsp; &nbsp;Trẻ em từ 05 &ndash; dưới 11 tuổi: 100% gi&aacute; v&eacute; m&aacute;y bay; 50% gi&aacute; tour. Bao gồm c&aacute;c dịch vụ ăn uống, ghế ngồi tr&ecirc;n xe v&agrave; ngủ chung với gia đ&igrave;nh. Hai người lớn chỉ được k&egrave;m 1 trẻ em từ 5 đến dưới 11 tuổi, trẻ em thứ 2 trở l&ecirc;n Cha, Mẹ n&ecirc;n mua th&ecirc;m 1 suất giường đơn.<br />\r\n-&nbsp;&nbsp; &nbsp;Từ 11 tuổi trở l&ecirc;n: 100% gi&aacute; tour v&agrave; ti&ecirc;u chuẩn như người lớn.<br />\r\nQuy định thanh to&aacute;n, hủy v&eacute;:<br />\r\n-&nbsp;&nbsp; &nbsp;Sau khi x&aacute;c nhận v&agrave; thanh to&aacute;n (&iacute;t nhất 50% tiền cọc giữ chỗ v&agrave; thanh to&aacute;n đủ 100% tổng gi&aacute; trị tiền tour trước 15 ng&agrave;y khởi h&agrave;nh).<br />\r\n-&nbsp;&nbsp; &nbsp; Khi đến ng&agrave;y thanh to&aacute;n đủ 100% tổng gi&aacute; trị tiền tour, nếu Qu&yacute; kh&aacute;ch kh&ocirc;ng thanh to&aacute;n đ&uacute;ng hạn v&agrave; đ&uacute;ng số tiền được xem như Qu&yacute; kh&aacute;ch tự &yacute; huỷ tour v&agrave; mất hết số tiền đ&atilde; đặt cọc giữ chỗ.<br />\r\n-&nbsp;&nbsp; &nbsp;V&eacute; M&aacute;y Bay / v&eacute; xe lửa / v&eacute; t&agrave;u cao tốc được xuất ngay sau khi qu&yacute; kh&aacute;ch đ&oacute;ng tiền v&agrave; c&oacute; x&aacute;c nhận sự ch&iacute;nh x&aacute;c về họ, t&ecirc;n (đ&uacute;ng từng k&yacute; tự ghi trong hộ chiếu hoặc CMND), ng&agrave;y-th&aacute;ng-năm sinh &hellip; của h&agrave;nh kh&aacute;ch theo y&ecirc;u cầu của h&atilde;ng vận chuyển. Mọi sự thay đổi li&ecirc;n quan đến v&eacute; đ&atilde; xuất: ng&agrave;y giờ đi, t&ecirc;n h&agrave;nh kh&aacute;ch, hủy v&eacute;, qu&yacute; kh&aacute;ch vui l&ograve;ng chịu chi ph&iacute; theo qui định sau:<br />\r\n* &nbsp; &nbsp;Ngay sau khi Qu&yacute; kh&aacute;ch đăng k&yacute; tour nếu hủy sẽ bị phạt tiền tour v&agrave; v&eacute; m&aacute;y bay: &nbsp;<br />\r\n-&nbsp;&nbsp; &nbsp;Ngay sau khi đặt cọc hoặc thanh to&aacute;n hoặc trước 15 ng&agrave;y: ph&iacute; hủy 35% tiền tour+ 100% V&eacute; m&aacute;y bay.<br />\r\n-&nbsp;&nbsp; &nbsp;Hủy 10 ng&agrave;y trước ng&agrave;y khởi h&agrave;nh: ph&iacute; hủy 50% tiền tour + 100% v&eacute; m&aacute;y bay.<br />\r\n-&nbsp;&nbsp; &nbsp;Hủy 07 ng&agrave;y trước ng&agrave;y khởi h&agrave;nh: ph&iacute; hủy 70% tiền tour &nbsp;+ 100% v&eacute; m&aacute;y bay.<br />\r\n-&nbsp;&nbsp; &nbsp;Hủy &nbsp;05 ng&agrave;y trước ng&agrave;y khởi h&agrave;nh: ph&iacute; hủy 100% tiền tour &nbsp;+ 100% v&eacute; m&aacute;y bay.&nbsp;<br />\r\n-&nbsp;&nbsp; &nbsp;Trường hợp qu&yacute; kh&aacute;ch đến trễ giờ khởi h&agrave;nh được t&iacute;nh l&agrave; hủy 5 ng&agrave;y trước ng&agrave;y khởi h&agrave;nh.<br />\r\n-&nbsp;&nbsp; &nbsp;Do t&iacute;nh chất l&agrave; đo&agrave;n gh&eacute;p kh&aacute;ch lẻ, Du Lịch Việt sẽ c&oacute; tr&aacute;ch nhiệm nhận kh&aacute;ch đăng k&yacute; cho đủ đo&agrave;n (10 kh&aacute;ch người lớn trở l&ecirc;n) th&igrave; đo&agrave;n sẽ khởi h&agrave;nh đ&uacute;ng lịch tr&igrave;nh. Nếu số lượng đo&agrave;n dưới 10 kh&aacute;ch, c&ocirc;ng ty c&oacute; tr&aacute;ch nhiệm th&ocirc;ng b&aacute;o cho kh&aacute;ch trước ng&agrave;y khởi h&agrave;nh 3 ng&agrave;y v&agrave; sẽ thỏa thuận lại ng&agrave;y khởi h&agrave;nh mới hoặc ho&agrave;n trả to&agrave;n bộ số tiền đ&atilde; đặt cọc tour.<br />\r\n-&nbsp;&nbsp; &nbsp;Việc huỷ bỏ chuyến đi phải được th&ocirc;ng b&aacute;o trực tiếp với C&ocirc;ng ty hoặc qua fax, email, tin nhắn v&agrave; phải được C&ocirc;ng ty x&aacute;c nhận. Việc huỷ bỏ bằng điện thoại kh&ocirc;ng được chấp nhận.<br />\r\n-&nbsp;&nbsp; &nbsp;C&aacute;c ng&agrave;y đặt cọc, thanh to&aacute;n, huỷ v&agrave; dời tour: kh&ocirc;ng t&iacute;nh thứ 7, Chủ Nhật.<br />\r\n-&nbsp;&nbsp; &nbsp;Trong những trường hợp bất khả kh&aacute;ng như: khủng bố, bạo động, thi&ecirc;n tai, lũ lụt&hellip; Tuỳ theo t&igrave;nh h&igrave;nh thực tế v&agrave; sự thuận tiện, an to&agrave;n của kh&aacute;ch h&agrave;ng, c&ocirc;ng ty Du Lịch sẽ chủ động th&ocirc;ng b&aacute;o cho kh&aacute;ch h&agrave;ng sự thay đổi như sau: huỷ hoặc thay thế bằng một chương tr&igrave;nh mới với chi ph&iacute; tương đương chương tr&igrave;nh tham quan trước đ&oacute;. Trong trường hợp chương tr&igrave;nh mới c&oacute; ph&aacute;t sinh th&igrave; Kh&aacute;ch h&agrave;ng sẽ thanh to&aacute;n khoản ph&aacute;t sinh n&agrave;y. Tuy nhi&ecirc;n, mỗi b&ecirc;n c&oacute; tr&aacute;ch nhiệm cố gắng tối đa, gi&uacute;p đỡ b&ecirc;n bị thiệt hại nhằm giảm thiểu c&aacute;c tổn thất g&acirc;y ra v&igrave; l&yacute; do bất khả kh&aacute;ng.&hellip;<br />\r\n-&nbsp;&nbsp; &nbsp;Đối với sự thay đổi lịch tr&igrave;nh, giờ bay do lỗi của h&atilde;ng h&agrave;ng kh&ocirc;ng, t&agrave;u hoả, t&agrave;u thuỷ, Du Lịch Việt sẽ kh&ocirc;ng chịu tr&aacute;ch nhiệm bất kỳ ph&aacute;t sinh n&agrave;o do lỗi tr&ecirc;n như: ph&aacute;t sinh bữa ăn, nh&agrave; h&agrave;ng, kh&aacute;ch sạn, phương tiện di chuyển, hướng dẫn vi&ecirc;n, &hellip;.&nbsp;</p>\r\n\r\n<p><strong>ĐIỀU KIỆN BẢO LƯU TOUR DO ẢNH HƯỞNG CỦA DỊCH COVID&nbsp;</strong><br />\r\n1. Kh&aacute;ch h&agrave;ng thuộc c&aacute;c điều kiện như sau:</p>\r\n\r\n<p>&bull; Kh&aacute;ch c&oacute; tour đi đến V&ugrave;ng đang c&oacute; Dịch, đang bị phong tỏa c&aacute;ch ly hoặc giản c&aacute;ch x&atilde; hội.</p>\r\n\r\n<p>&bull; Kh&aacute;ch đang bị c&aacute;ch ly phong tỏa do khu vực kh&aacute;ch lưu tr&uacute; đang nằm trong v&ugrave;ng Dịch.</p>\r\n\r\n<p>&bull; Kh&aacute;ch l&agrave; trường hợp F1, F2, F3,&hellip;đang được y&ecirc;u cầu c&aacute;ch ly tại nh&agrave; hoặc c&oacute; tiếp x&uacute;c qua người nghi nhiễm.&nbsp;<br />\r\n2. Kh&aacute;ch h&agrave;ng, nếu thuộc trong c&aacute;c trường hợp n&ecirc;u tr&ecirc;n sẽ được Bảo lưu tour cụ thể như sau:</p>\r\n\r\n<p>&bull; Bảo lưu trong thời gian 365 ng&agrave;y kể từ ng&agrave;y kh&aacute;ch th&ocirc;ng b&aacute;o cho c&ocirc;ng ty. Lưu &yacute;: Kh&aacute;ch h&agrave;ng phải cung cấp đầy đủ giấy tờ chứng minh đang thuộc c&aacute;c trường hợp tr&ecirc;n bao gồm : chứng minh nh&acirc;n d&acirc;n , sổ hộ khẩu, giấy x&aacute;c nhận của địa phương ( nếu thuộc điều kiện 2,3)<br />\r\n3.Trường hợp một số điểm tham quan trong chương tr&igrave;nh nằm trong v&ugrave;ng dịch, C&ocirc;ng ty sẽ thay đổi h&agrave;nh trinh, điểm tham quan hợp l&yacute; nhất.</p>\r\n\r\n<p><strong>Lưu &yacute; :</strong><br />\r\n-&nbsp;&nbsp; &nbsp;Khi đăng k&yacute; tour kh&aacute;ch h&agrave;ng bắt buộc phải gởi giấy tờ t&ugrave;y th&acirc;n cho đơn vị du lịch để v&agrave;o t&ecirc;n xuất v&eacute; v&agrave; mua bảo hiểm du lịch. Những giấy tờ c&aacute; nh&acirc;n của kh&aacute;ch h&agrave;ng (CMND hoặc Passport) thuộc về tr&aacute;ch nhiệm của kh&aacute;ch h&agrave;ng. Mọi vấn đề như h&igrave;nh ảnh, th&ocirc;ng tin giấy tờ trong bản gốc bị mờ, kh&ocirc;ng r&otilde; r&agrave;ng; Passport, CMND hết hạn,&hellip; kh&ocirc;ng đ&uacute;ng quy định của ph&aacute;p luật Việt Nam, Du Lịch Việt sẽ kh&ocirc;ng chịu tr&aacute;ch nhiệm v&agrave; sẽ kh&ocirc;ng ho&agrave;n trả bất cứ chi ph&iacute; ph&aacute;t sinh n&agrave;o.<br />\r\n-&nbsp;&nbsp; &nbsp;Đối với kh&aacute;ch Nước ngo&agrave;i/Việt Kiều: Khi đi tour phải mang theo đầy đủ Passport (Hộ Chiếu), Visa Việt Nam bản ch&iacute;nh c&ograve;n hạn sử dụng l&agrave;m thủ tục l&ecirc;n m&aacute;y bay theo qui định h&agrave;ng kh&ocirc;ng. &nbsp;<br />\r\n-&nbsp;&nbsp; &nbsp;Trẻ em (dưới 12 tuổi) khi đi du lịch mang theo giấy khai sinh (bản ch&iacute;nh hoặc sao y c&oacute; thị thực c&ograve;n hạn sử dụng) để &nbsp;l&agrave;m thủ tục h&agrave;ng kh&ocirc;ng.&nbsp;<br />\r\n-&nbsp;&nbsp; &nbsp;Qu&yacute; kh&aacute;ch từ 14 tuổi bắt buộc phải c&oacute; CMND hoặc Passport (c&ograve;n hạn sử dụng), KH&Ocirc;NG SỬ DỤNG GIẤY KHAI SINH. Nếu trẻ em từ 14 tuổi chưa c&oacute; CMND hoặc Passport bắt buộc phải c&oacute;	', 'AAAAAA-CCCCCBB', '2021-03-10', 3, 'Bình Định', 'Thành Phố Hồ  Chí Minh', 18),
(12, ' Khu Du Lịch Đầm Sen', './upload/image/12.jpg', '.13upload/image/vv.jpg', './upload/image/14.jpg', '<p>Điểm nhấn h&agrave;nh tr&igrave;nh</p>\r\n\r\n<table border=\"0\" cellpadding=\"1\" cellspacing=\"1\">\r\n	<tbody>\r\n		<tr>\r\n			<td><strong>H&agrave;nh tr&igrave;nh</strong></td>\r\n			<td><strong>Bình Định - Đồng Nai</strong></td>\r\n		</tr>\r\n		<tr>\r\n			<td><strong>Lịch tr&igrave;nh</strong></td>\r\n			<td><strong>3ngay 3 dem</strong></td>\r\n		</tr>\r\n		<tr>\r\n			<td><strong>Khởi h&agrave;nh</strong></td>\r\n			<td><strong></strong></td>\r\n		</tr>\r\n		<tr>\r\n			<td><strong>Vận chuyển</strong></td>\r\n			<td><strong>M&aacute;y bay khứ hồi &amp; Xe du lịch đời mới</strong></td>\r\n		</tr>\r\n		<tr>\r\n			<td>&nbsp;</td>\r\n			<td>&nbsp;</td>\r\n		</tr>\r\n	</tbody>\r\n</table>\r\n	Nằm ngay trung tâm Sài Gòn, công viên Đầm Sen ắt hẳn là địa điểm mà những ai trải qua tuổi thơ tại đây cũng từng một lần ghé chơi. Không chỉ mang đến đa dạng trò chơi phù hợp mọi lứa tuổi, Công viên Đầm Sen còn sở hữu nhiều công trình kiến trúc được thiết kế đẹp mắt và không gian xanh hài hòa. Bạn có thể chụp ảnh đăng Instagram để \"câu like\" hay đơn giản là thong thả ngắm cảnh. Cùng gia đình nhỏ đến ngay công viên Đầm Sen dịp cuối tuần để sống lại những ký ức tuổi thơ thật đẹp nhé!\r\n	<thead>\r\n		<tr>\r\n			<th>STT</th>\r\n			<th>Ng&agrave;y khởi h&agrave;nh</th>\r\n			<th>Đặc điểm</th>\r\n			<th>Gi&aacute; từ</th>\r\n			<th>Số Chỗ</th>\r\n			<th>Book tour</th>\r\n		</tr>\r\n	</thead>\r\n	<tbody>\r\n		<tr>\r\n			<td>1</td>\r\n			<td>3/05/2021</td>\r\n			<td>Kh&aacute;ch sạn 3*</td>\r\n			<td>6,499,000đ</td>\r\n			<td>C&ograve;n 10 chỗ</td>\r\n			<td>\r\n			<p><a id=5464y2438424c4c4u25433\">Book</a>&nbsp;Chi tiết</p>\r\n			</td>\r\n		</tr>\r\n		<tr>\r\n			<td>2</td>\r\n			<td>4/05/2021</td>\r\n			<td>Kh&aacute;ch sạn 3*</td>\r\n			<td>6,699,000đ</td>\r\n			<td>C&ograve;n 10 chỗ</td>\r\n			<td>\r\n			<p><a id=5464y2438424c4c4u264u2\">Book</a>&nbsp;Chi tiết</p>\r\n			</td>\r\n		</tr>\r\n		<tr>\r\n			<td>3</td>\r\n			Chi tiết</p>\r\n			</td>\r\n		</tr>\r\n	</tbody>\r\n</table>\r\n\r\n<p>Ghi ch&uacute;</p>\r\n\r\n<p><strong>Gi&aacute; vé dành cho trẻ em:</strong><br />\r\n-&nbsp;&nbsp; &nbsp;Trẻ em dưới 02 tuổi: miễn gi&aacute; tour, gi&aacute; v&eacute; m&aacute;y bay theo quy định của h&atilde;ng h&agrave;ng kh&ocirc;ng, Cha, Mẹ hoặc người th&acirc;n đi k&egrave;m tự lo c&aacute;c chi ph&iacute; ăn, ngủ, tham quan (nếu c&oacute;) cho b&eacute;.&nbsp;<br />\r\n-&nbsp;&nbsp; &nbsp;Trẻ em từ 02 &ndash; dưới 05 tuổi: 100% gi&aacute; v&eacute; m&aacute;y bay; miễn gi&aacute; tour. Cha, Mẹ hoặc người th&acirc;n đi k&egrave;m tự lo c&aacute;c chi ph&iacute; ăn, ngủ, tham quan (nếu c&oacute;) cho b&eacute;. Hai người lớn chỉ k&egrave;m 1 trẻ em dưới 5 tuổi, trẻ em thứ 2 trở l&ecirc;n phải mua &frac12; v&eacute; tour.<br />\r\n-&nbsp;&nbsp; &nbsp;Trẻ em từ 05 &ndash; dưới 11 tuổi: 100% gi&aacute; v&eacute; m&aacute;y bay; 50% gi&aacute; tour. Bao gồm c&aacute;c dịch vụ ăn uống, ghế ngồi tr&ecirc;n xe v&agrave; ngủ chung với gia đ&igrave;nh. Hai người lớn chỉ được k&egrave;m 1 trẻ em từ 5 đến dưới 11 tuổi, trẻ em thứ 2 trở l&ecirc;n Cha, Mẹ n&ecirc;n mua th&ecirc;m 1 suất giường đơn.<br />\r\n-&nbsp;&nbsp; &nbsp;Từ 11 tuổi trở l&ecirc;n: 100% gi&aacute; tour v&agrave; ti&ecirc;u chuẩn như người lớn.<br />\r\nQuy định thanh to&aacute;n, hủy v&eacute;:<br />\r\n-&nbsp;&nbsp; &nbsp;Sau khi x&aacute;c nhận v&agrave; thanh to&aacute;n (&iacute;t nhất 50% tiền cọc giữ chỗ v&agrave; thanh to&aacute;n đủ 100% tổng gi&aacute; trị tiền tour trước 15 ng&agrave;y khởi h&agrave;nh).<br />\r\n-&nbsp;&nbsp; &nbsp; Khi đến ng&agrave;y thanh to&aacute;n đủ 100% tổng gi&aacute; trị tiền tour, nếu Qu&yacute; kh&aacute;ch kh&ocirc;ng thanh to&aacute;n đ&uacute;ng hạn v&agrave; đ&uacute;ng số tiền được xem như Qu&yacute; kh&aacute;ch tự &yacute; huỷ tour v&agrave; mất hết số tiền đ&atilde; đặt cọc giữ chỗ.<br />\r\n-&nbsp;&nbsp; &nbsp;V&eacute; M&aacute;y Bay / v&eacute; xe lửa / v&eacute; t&agrave;u cao tốc được xuất ngay sau khi qu&yacute; kh&aacute;ch đ&oacute;ng tiền v&agrave; c&oacute; x&aacute;c nhận sự ch&iacute;nh x&aacute;c về họ, t&ecirc;n (đ&uacute;ng từng k&yacute; tự ghi trong hộ chiếu hoặc CMND), ng&agrave;y-th&aacute;ng-năm sinh &hellip; của h&agrave;nh kh&aacute;ch theo y&ecirc;u cầu của h&atilde;ng vận chuyển. Mọi sự thay đổi li&ecirc;n quan đến v&eacute; đ&atilde; xuất: ng&agrave;y giờ đi, t&ecirc;n h&agrave;nh kh&aacute;ch, hủy v&eacute;, qu&yacute; kh&aacute;ch vui l&ograve;ng chịu chi ph&iacute; theo qui định sau:<br />\r\n* &nbsp; &nbsp;Ngay sau khi Qu&yacute; kh&aacute;ch đăng k&yacute; tour nếu hủy sẽ bị phạt tiền tour v&agrave; v&eacute; m&aacute;y bay: &nbsp;<br />\r\n-&nbsp;&nbsp; &nbsp;Ngay sau khi đặt cọc hoặc thanh to&aacute;n hoặc trước 15 ng&agrave;y: ph&iacute; hủy 35% tiền tour+ 100% V&eacute; m&aacute;y bay.<br />\r\n-&nbsp;&nbsp; &nbsp;Hủy 10 ng&agrave;y trước ng&agrave;y khởi h&agrave;nh: ph&iacute; hủy 50% tiền tour + 100% v&eacute; m&aacute;y bay.<br />\r\n-&nbsp;&nbsp; &nbsp;Hủy 07 ng&agrave;y trước ng&agrave;y khởi h&agrave;nh: ph&iacute; hủy 70% tiền tour &nbsp;+ 100% v&eacute; m&aacute;y bay.<br />\r\n-&nbsp;&nbsp; &nbsp;Hủy &nbsp;05 ng&agrave;y trước ng&agrave;y khởi h&agrave;nh: ph&iacute; hủy 100% tiền tour &nbsp;+ 100% v&eacute; m&aacute;y bay.&nbsp;<br />\r\n-&nbsp;&nbsp; &nbsp;Trường hợp qu&yacute; kh&aacute;ch đến trễ giờ khởi h&agrave;nh được t&iacute;nh l&agrave; hủy 5 ng&agrave;y trước ng&agrave;y khởi h&agrave;nh.<br />\r\n-&nbsp;&nbsp; &nbsp;Do t&iacute;nh chất l&agrave; đo&agrave;n gh&eacute;p kh&aacute;ch lẻ, Du Lịch Việt sẽ c&oacute; tr&aacute;ch nhiệm nhận kh&aacute;ch đăng k&yacute; cho đủ đo&agrave;n (10 kh&aacute;ch người lớn trở l&ecirc;n) th&igrave; đo&agrave;n sẽ khởi h&agrave;nh đ&uacute;ng lịch tr&igrave;nh. Nếu số lượng đo&agrave;n dưới 10 kh&aacute;ch, c&ocirc;ng ty c&oacute; tr&aacute;ch nhiệm th&ocirc;ng b&aacute;o cho kh&aacute;ch trước ng&agrave;y khởi h&agrave;nh 3 ng&agrave;y v&agrave; sẽ thỏa thuận lại ng&agrave;y khởi h&agrave;nh mới hoặc ho&agrave;n trả to&agrave;n bộ số tiền đ&atilde; đặt cọc tour.<br />\r\n-&nbsp;&nbsp; &nbsp;Việc huỷ bỏ chuyến đi phải được th&ocirc;ng b&aacute;o trực tiếp với C&ocirc;ng ty hoặc qua fax, email, tin nhắn v&agrave; phải được C&ocirc;ng ty x&aacute;c nhận. Việc huỷ bỏ bằng điện thoại kh&ocirc;ng được chấp nhận.<br />\r\n-&nbsp;&nbsp; &nbsp;C&aacute;c ng&agrave;y đặt cọc, thanh to&aacute;n, huỷ v&agrave; dời tour: kh&ocirc;ng t&iacute;nh thứ 7, Chủ Nhật.<br />\r\n-&nbsp;&nbsp; &nbsp;Trong những trường hợp bất khả kh&aacute;ng như: khủng bố, bạo động, thi&ecirc;n tai, lũ lụt&hellip; Tuỳ theo t&igrave;nh h&igrave;nh thực tế v&agrave; sự thuận tiện, an to&agrave;n của kh&aacute;ch h&agrave;ng, c&ocirc;ng ty Du Lịch sẽ chủ động th&ocirc;ng b&aacute;o cho kh&aacute;ch h&agrave;ng sự thay đổi như sau: huỷ hoặc thay thế bằng một chương tr&igrave;nh mới với chi ph&iacute; tương đương chương tr&igrave;nh tham quan trước đ&oacute;. Trong trường hợp chương tr&igrave;nh mới c&oacute; ph&aacute;t sinh th&igrave; Kh&aacute;ch h&agrave;ng sẽ thanh to&aacute;n khoản ph&aacute;t sinh n&agrave;y. Tuy nhi&ecirc;n, mỗi b&ecirc;n c&oacute; tr&aacute;ch nhiệm cố gắng tối đa, gi&uacute;p đỡ b&ecirc;n bị thiệt hại nhằm giảm thiểu c&aacute;c tổn thất g&acirc;y ra v&igrave; l&yacute; do bất khả kh&aacute;ng.&hellip;<br />\r\n-&nbsp;&nbsp; &nbsp;Đối với sự thay đổi lịch tr&igrave;nh, giờ bay do lỗi của h&atilde;ng h&agrave;ng kh&ocirc;ng, t&agrave;u hoả, t&agrave;u thuỷ, Du Lịch Việt sẽ kh&ocirc;ng chịu tr&aacute;ch nhiệm bất kỳ ph&aacute;t sinh n&agrave;o do lỗi tr&ecirc;n như: ph&aacute;t sinh bữa ăn, nh&agrave; h&agrave;ng, kh&aacute;ch sạn, phương tiện di chuyển, hướng dẫn vi&ecirc;n, &hellip;.&nbsp;</p>\r\n\r\n<p><strong>ĐIỀU KIỆN BẢO LƯU TOUR DO ẢNH HƯỞNG CỦA DỊCH COVID&nbsp;</strong><br />\r\n1. Kh&aacute;ch h&agrave;ng thuộc c&aacute;c điều kiện như sau:</p>\r\n\r\n<p>&bull; Kh&aacute;ch c&oacute; tour đi đến V&ugrave;ng đang c&oacute; Dịch, đang bị phong tỏa c&aacute;ch ly hoặc giản c&aacute;ch x&atilde; hội.</p>\r\n\r\n<p>&bull; Kh&aacute;ch đang bị c&aacute;ch ly phong tỏa do khu vực kh&aacute;ch lưu tr&uacute; đang nằm trong v&ugrave;ng Dịch.</p>\r\n\r\n<p>&bull; Kh&aacute;ch l&agrave; trường hợp F1, F2, F3,&hellip;đang được y&ecirc;u cầu c&aacute;ch ly tại nh&agrave; hoặc c&oacute; tiếp x&uacute;c qua người nghi nhiễm.&nbsp;<br />\r\n2. Kh&aacute;ch h&agrave;ng, nếu thuộc trong c&aacute;c trường hợp n&ecirc;u tr&ecirc;n sẽ được Bảo lưu tour cụ thể như sau:</p>\r\n\r\n<p>&bull; Bảo lưu trong thời gian 365 ng&agrave;y kể từ ng&agrave;y kh&aacute;ch th&ocirc;ng b&aacute;o cho c&ocirc;ng ty. Lưu &yacute;: Kh&aacute;ch h&agrave;ng phải cung cấp đầy đủ giấy tờ chứng minh đang thuộc c&aacute;c trường hợp tr&ecirc;n bao gồm : chứng minh nh&acirc;n d&acirc;n , sổ hộ khẩu, giấy x&aacute;c nhận của địa phương ( nếu thuộc điều kiện 2,3)<br />\r\n3.Trường hợp một số điểm tham quan trong chương tr&igrave;nh nằm trong v&ugrave;ng dịch, C&ocirc;ng ty sẽ thay đổi h&agrave;nh trinh, điểm tham quan hợp l&yacute; nhất.</p>\r\n\r\n<p><strong>Lưu &yacute; :</strong><br />\r\n-&nbsp;&nbsp; &nbsp;Khi đăng k&yacute; tour kh&aacute;ch h&agrave;ng bắt buộc phải gởi giấy tờ t&ugrave;y th&acirc;n cho đơn vị du lịch để v&agrave;o t&ecirc;n xuất v&eacute; v&agrave; mua bảo hiểm du lịch. Những giấy tờ c&aacute; nh&acirc;n của kh&aacute;ch h&agrave;ng (CMND hoặc Passport) thuộc về tr&aacute;ch nhiệm của kh&aacute;ch h&agrave;ng. Mọi vấn đề như h&igrave;nh ảnh, th&ocirc;ng tin giấy tờ trong bản gốc bị mờ, kh&ocirc;ng r&otilde; r&agrave;ng; Passport, CMND hết hạn,&hellip; kh&ocirc;ng đ&uacute;ng quy định của ph&aacute;p luật Việt Nam, Du Lịch Việt sẽ kh&ocirc;ng chịu tr&aacute;ch nhiệm v&agrave; sẽ kh&ocirc;ng ho&agrave;n trả bất cứ chi ph&iacute; ph&aacute;t sinh n&agrave;o.<br />\r\n-&nbsp;&nbsp; &nbsp;Đối với kh&aacute;ch Nước ngo&agrave;i/Việt Kiều: Khi đi tour phải mang theo đầy đủ Passport (Hộ Chiếu), Visa Việt Nam bản ch&iacute;nh c&ograve;n hạn sử dụng l&agrave;m thủ tục l&ecirc;n m&aacute;y bay theo qui định h&agrave;ng kh&ocirc;ng. &nbsp;<br />\r\n-&nbsp;&nbsp; &nbsp;Trẻ em (dưới 12 tuổi) khi đi du lịch mang theo giấy khai sinh (bản ch&iacute;nh hoặc sao y c&oacute; thị thực c&ograve;n hạn sử dụng) để &nbsp;l&agrave;m thủ tục h&agrave;ng kh&ocirc;ng.&nbsp;<br />\r\n-&nbsp;&nbsp; &nbsp;Qu&yacute; kh&aacute;ch từ 14 tuổi bắt buộc phải c&oacute; CMND hoặc Passport (c&ograve;n hạn sử dụng), KH&Ocirc;NG SỬ DỤNG GIẤY KHAI SINH. Nếu trẻ em từ 14 tuổi chưa c&oacute; CMND hoặc Passport bắt buộc phải c&oacute;	', 'AAAAAA-CCCCCBB', '2021-03-05', 2, 'Đà Nẵng', 'Thành Phố Hồ  Chí Minh', 25);
INSERT INTO `travelviewing` (`id`, `title`, `iva1`, `iva2`, `iva3`, `content`, `code`, `Dday`, `time`, `startingplace`, `ToLocation`, `Numberofseats`) VALUES
(13, ' Khu Du Lịch Đại Nam', './upload/image/z.jpg', './upload/image/x.jpg', './upload/image/zc.jpg', '<p>Điểm nhấn h&agrave;nh tr&igrave;nh</p>\r\n\r\n<table border=\"0\" cellpadding=\"1\" cellspacing=\"1\">\r\n	<tbody>\r\n		<tr>\r\n			<td><strong>H&agrave;nh tr&igrave;nh</strong></td>\r\n			<td><strong>Bình Định - Đồng Nai</strong></td>\r\n		</tr>\r\n		<tr>\r\n			<td><strong>Lịch tr&igrave;nh</strong></td>\r\n			<td><strong>3ngay 3 dem</strong></td>\r\n		</tr>\r\n		<tr>\r\n			<td><strong>Khởi h&agrave;nh</strong></td>\r\n			<td><strong></strong></td>\r\n		</tr>\r\n		<tr>\r\n			<td><strong>Vận chuyển</strong></td>\r\n			<td><strong>M&aacute;y bay khứ hồi &amp; Xe du lịch đời mới</strong></td>\r\n		</tr>\r\n		<tr>\r\n			<td>&nbsp;</td>\r\n			<td>&nbsp;</td>\r\n		</tr>\r\n	</tbody>\r\n</table>\r\n	Đã bỏ công đi Bình Dương thì nhất định phải ghé thăm khu du lịch Đại Nam. Với diện tích lên đến hàng trăm héc-ta, du khách chắc chắc có được trải nghiệm \"tất cả trong một\" tại đây. Bạn có thể thử thách bản thân với trò chơi đu dây mạo hiểm, tha hồ hò hét khi đi tàu lượn siêu tốc, đua xe F1 hoặc \"mãn nhãn\" trước khu đền đài, núi non, biển... cực \"vi diệu\". Đặc biệt, nơi đây sở hữu vườn thú lớn nhất nước với các loại động vật quý hiếm được xếp vào Sách Đỏ.\r\nVào mùa lễ hội, khu du lịch còn có hoạt động trình diễn pháo hoa vô cùng đặc sắc. Quả không hổ danh là một trong những khu du lịch ở Việt Nam \"đáng đến\" nhất, #teamKlook nhỉ?\r\n	<thead>\r\n		<tr>\r\n			<th>STT</th>\r\n			<th>Ng&agrave;y khởi h&agrave;nh</th>\r\n			<th>Đặc điểm</th>\r\n			<th>Gi&aacute; từ</th>\r\n			<th>Số Chỗ</th>\r\n			<th>Book tour</th>\r\n		</tr>\r\n	</thead>\r\n	<tbody>\r\n		<tr>\r\n			<td>1</td>\r\n			<td>1/1/2021</td>\r\n			<td>Kh&aacute;ch sạn 3*</td>\r\n			<td>6,499,000đ</td>\r\n			<td>C&ograve;n 10 chỗ</td>\r\n			<td>\r\n			<p><a id=5464y2438424c4c4u25433\">Book</a>&nbsp;Chi tiết</p>\r\n			</td>\r\n		</tr>\r\n		<tr>\r\n			<td>2</td>\r\n			<td>2/1/2021</td>\r\n			<td>Kh&aacute;ch sạn 3*</td>\r\n			<td>6,699,000đ</td>\r\n			<td>C&ograve;n 10 chỗ</td>\r\n			<td>\r\n			<p><a id=5464y2438424c4c4u264u2\">Book</a>&nbsp;Chi tiết</p>\r\n			</td>\r\n		</tr>\r\n		<tr>\r\n			<td>3</td>\r\n			<td>3/1/2021</td>\r\n			<td>Kh&aacute;ch sạn 3*</td>\r\n			<td>6,499,000đ</td>\r\n			<td>C&ograve;n 10 chỗ</td>\r\n			<td>\r\n			<p><a id=5464y2438424c4c4u264v2\">Book</a>&nbsp;Chi tiết</p>\r\n			</td>\r\n		</tr>\r\n	</tbody>\r\n</table>\r\n\r\n<p>Ghi ch&uacute;</p>\r\n\r\n<p><strong>Gi&aacute; vé dành cho trẻ em:</strong><br />\r\n-&nbsp;&nbsp; &nbsp;Trẻ em dưới 02 tuổi: miễn gi&aacute; tour, gi&aacute; v&eacute; m&aacute;y bay theo quy định của h&atilde;ng h&agrave;ng kh&ocirc;ng, Cha, Mẹ hoặc người th&acirc;n đi k&egrave;m tự lo c&aacute;c chi ph&iacute; ăn, ngủ, tham quan (nếu c&oacute;) cho b&eacute;.&nbsp;<br />\r\n-&nbsp;&nbsp; &nbsp;Trẻ em từ 02 &ndash; dưới 05 tuổi: 100% gi&aacute; v&eacute; m&aacute;y bay; miễn gi&aacute; tour. Cha, Mẹ hoặc người th&acirc;n đi k&egrave;m tự lo c&aacute;c chi ph&iacute; ăn, ngủ, tham quan (nếu c&oacute;) cho b&eacute;. Hai người lớn chỉ k&egrave;m 1 trẻ em dưới 5 tuổi, trẻ em thứ 2 trở l&ecirc;n phải mua &frac12; v&eacute; tour.<br />\r\n-&nbsp;&nbsp; &nbsp;Trẻ em từ 05 &ndash; dưới 11 tuổi: 100% gi&aacute; v&eacute; m&aacute;y bay; 50% gi&aacute; tour. Bao gồm c&aacute;c dịch vụ ăn uống, ghế ngồi tr&ecirc;n xe v&agrave; ngủ chung với gia đ&igrave;nh. Hai người lớn chỉ được k&egrave;m 1 trẻ em từ 5 đến dưới 11 tuổi, trẻ em thứ 2 trở l&ecirc;n Cha, Mẹ n&ecirc;n mua th&ecirc;m 1 suất giường đơn.<br />\r\n-&nbsp;&nbsp; &nbsp;Từ 11 tuổi trở l&ecirc;n: 100% gi&aacute; tour v&agrave; ti&ecirc;u chuẩn như người lớn.<br />\r\nQuy định thanh to&aacute;n, hủy v&eacute;:<br />\r\n-&nbsp;&nbsp; &nbsp;Sau khi x&aacute;c nhận v&agrave; thanh to&aacute;n (&iacute;t nhất 50% tiền cọc giữ chỗ v&agrave; thanh to&aacute;n đủ 100% tổng gi&aacute; trị tiền tour trước 15 ng&agrave;y khởi h&agrave;nh).<br />\r\n-&nbsp;&nbsp; &nbsp; Khi đến ng&agrave;y thanh to&aacute;n đủ 100% tổng gi&aacute; trị tiền tour, nếu Qu&yacute; kh&aacute;ch kh&ocirc;ng thanh to&aacute;n đ&uacute;ng hạn v&agrave; đ&uacute;ng số tiền được xem như Qu&yacute; kh&aacute;ch tự &yacute; huỷ tour v&agrave; mất hết số tiền đ&atilde; đặt cọc giữ chỗ.<br />\r\n-&nbsp;&nbsp; &nbsp;V&eacute; M&aacute;y Bay / v&eacute; xe lửa / v&eacute; t&agrave;u cao tốc được xuất ngay sau khi qu&yacute; kh&aacute;ch đ&oacute;ng tiền v&agrave; c&oacute; x&aacute;c nhận sự ch&iacute;nh x&aacute;c về họ, t&ecirc;n (đ&uacute;ng từng k&yacute; tự ghi trong hộ chiếu hoặc CMND), ng&agrave;y-th&aacute;ng-năm sinh &hellip; của h&agrave;nh kh&aacute;ch theo y&ecirc;u cầu của h&atilde;ng vận chuyển. Mọi sự thay đổi li&ecirc;n quan đến v&eacute; đ&atilde; xuất: ng&agrave;y giờ đi, t&ecirc;n h&agrave;nh kh&aacute;ch, hủy v&eacute;, qu&yacute; kh&aacute;ch vui l&ograve;ng chịu chi ph&iacute; theo qui định sau:<br />\r\n* &nbsp; &nbsp;Ngay sau khi Qu&yacute; kh&aacute;ch đăng k&yacute; tour nếu hủy sẽ bị phạt tiền tour v&agrave; v&eacute; m&aacute;y bay: &nbsp;<br />\r\n-&nbsp;&nbsp; &nbsp;Ngay sau khi đặt cọc hoặc thanh to&aacute;n hoặc trước 15 ng&agrave;y: ph&iacute; hủy 35% tiền tour+ 100% V&eacute; m&aacute;y bay.<br />\r\n-&nbsp;&nbsp; &nbsp;Hủy 10 ng&agrave;y trước ng&agrave;y khởi h&agrave;nh: ph&iacute; hủy 50% tiền tour + 100% v&eacute; m&aacute;y bay.<br />\r\n-&nbsp;&nbsp; &nbsp;Hủy 07 ng&agrave;y trước ng&agrave;y khởi h&agrave;nh: ph&iacute; hủy 70% tiền tour &nbsp;+ 100% v&eacute; m&aacute;y bay.<br />\r\n-&nbsp;&nbsp; &nbsp;Hủy &nbsp;05 ng&agrave;y trước ng&agrave;y khởi h&agrave;nh: ph&iacute; hủy 100% tiền tour &nbsp;+ 100% v&eacute; m&aacute;y bay.&nbsp;<br />\r\n-&nbsp;&nbsp; &nbsp;Trường hợp qu&yacute; kh&aacute;ch đến trễ giờ khởi h&agrave;nh được t&iacute;nh l&agrave; hủy 5 ng&agrave;y trước ng&agrave;y khởi h&agrave;nh.<br />\r\n-&nbsp;&nbsp; &nbsp;Do t&iacute;nh chất l&agrave; đo&agrave;n gh&eacute;p kh&aacute;ch lẻ, Du Lịch Việt sẽ c&oacute; tr&aacute;ch nhiệm nhận kh&aacute;ch đăng k&yacute; cho đủ đo&agrave;n (10 kh&aacute;ch người lớn trở l&ecirc;n) th&igrave; đo&agrave;n sẽ khởi h&agrave;nh đ&uacute;ng lịch tr&igrave;nh. Nếu số lượng đo&agrave;n dưới 10 kh&aacute;ch, c&ocirc;ng ty c&oacute; tr&aacute;ch nhiệm th&ocirc;ng b&aacute;o cho kh&aacute;ch trước ng&agrave;y khởi h&agrave;nh 3 ng&agrave;y v&agrave; sẽ thỏa thuận lại ng&agrave;y khởi h&agrave;nh mới hoặc ho&agrave;n trả to&agrave;n bộ số tiền đ&atilde; đặt cọc tour.<br />\r\n-&nbsp;&nbsp; &nbsp;Việc huỷ bỏ chuyến đi phải được th&ocirc;ng b&aacute;o trực tiếp với C&ocirc;ng ty hoặc qua fax, email, tin nhắn v&agrave; phải được C&ocirc;ng ty x&aacute;c nhận. Việc huỷ bỏ bằng điện thoại kh&ocirc;ng được chấp nhận.<br />\r\n-&nbsp;&nbsp; &nbsp;C&aacute;c ng&agrave;y đặt cọc, thanh to&aacute;n, huỷ v&agrave; dời tour: kh&ocirc;ng t&iacute;nh thứ 7, Chủ Nhật.<br />\r\n-&nbsp;&nbsp; &nbsp;Trong những trường hợp bất khả kh&aacute;ng như: khủng bố, bạo động, thi&ecirc;n tai, lũ lụt&hellip; Tuỳ theo t&igrave;nh h&igrave;nh thực tế v&agrave; sự thuận tiện, an to&agrave;n của kh&aacute;ch h&agrave;ng, c&ocirc;ng ty Du Lịch sẽ chủ động th&ocirc;ng b&aacute;o cho kh&aacute;ch h&agrave;ng sự thay đổi như sau: huỷ hoặc thay thế bằng một chương tr&igrave;nh mới với chi ph&iacute; tương đương chương tr&igrave;nh tham quan trước đ&oacute;. Trong trường hợp chương tr&igrave;nh mới c&oacute; ph&aacute;t sinh th&igrave; Kh&aacute;ch h&agrave;ng sẽ thanh to&aacute;n khoản ph&aacute;t sinh n&agrave;y. Tuy nhi&ecirc;n, mỗi b&ecirc;n c&oacute; tr&aacute;ch nhiệm cố gắng tối đa, gi&uacute;p đỡ b&ecirc;n bị thiệt hại nhằm giảm thiểu c&aacute;c tổn thất g&acirc;y ra v&igrave; l&yacute; do bất khả kh&aacute;ng.&hellip;<br />\r\n-&nbsp;&nbsp; &nbsp;Đối với sự thay đổi lịch tr&igrave;nh, giờ bay do lỗi của h&atilde;ng h&agrave;ng kh&ocirc;ng, t&agrave;u hoả, t&agrave;u thuỷ, Du Lịch Việt sẽ kh&ocirc;ng chịu tr&aacute;ch nhiệm bất kỳ ph&aacute;t sinh n&agrave;o do lỗi tr&ecirc;n như: ph&aacute;t sinh bữa ăn, nh&agrave; h&agrave;ng, kh&aacute;ch sạn, phương tiện di chuyển, hướng dẫn vi&ecirc;n, &hellip;.&nbsp;</p>\r\n\r\n<p><strong>ĐIỀU KIỆN BẢO LƯU TOUR DO ẢNH HƯỞNG CỦA DỊCH COVID&nbsp;</strong><br />\r\n1. Kh&aacute;ch h&agrave;ng thuộc c&aacute;c điều kiện như sau:</p>\r\n\r\n<p>&bull; Kh&aacute;ch c&oacute; tour đi đến V&ugrave;ng đang c&oacute; Dịch, đang bị phong tỏa c&aacute;ch ly hoặc giản c&aacute;ch x&atilde; hội.</p>\r\n\r\n<p>&bull; Kh&aacute;ch đang bị c&aacute;ch ly phong tỏa do khu vực kh&aacute;ch lưu tr&uacute; đang nằm trong v&ugrave;ng Dịch.</p>\r\n\r\n<p>&bull; Kh&aacute;ch l&agrave; trường hợp F1, F2, F3,&hellip;đang được y&ecirc;u cầu c&aacute;ch ly tại nh&agrave; hoặc c&oacute; tiếp x&uacute;c qua người nghi nhiễm.&nbsp;<br />\r\n2. Kh&aacute;ch h&agrave;ng, nếu thuộc trong c&aacute;c trường hợp n&ecirc;u tr&ecirc;n sẽ được Bảo lưu tour cụ thể như sau:</p>\r\n\r\n<p>&bull; Bảo lưu trong thời gian 365 ng&agrave;y kể từ ng&agrave;y kh&aacute;ch th&ocirc;ng b&aacute;o cho c&ocirc;ng ty. Lưu &yacute;: Kh&aacute;ch h&agrave;ng phải cung cấp đầy đủ giấy tờ chứng minh đang thuộc c&aacute;c trường hợp tr&ecirc;n bao gồm : chứng minh nh&acirc;n d&acirc;n , sổ hộ khẩu, giấy x&aacute;c nhận của địa phương ( nếu thuộc điều kiện 2,3)<br />\r\n3.Trường hợp một số điểm tham quan trong chương tr&igrave;nh nằm trong v&ugrave;ng dịch, C&ocirc;ng ty sẽ thay đổi h&agrave;nh trinh, điểm tham quan hợp l&yacute; nhất.</p>\r\n\r\n<p><strong>Lưu &yacute; :</strong><br />\r\n-&nbsp;&nbsp; &nbsp;Khi đăng k&yacute; tour kh&aacute;ch h&agrave;ng bắt buộc phải gởi giấy tờ t&ugrave;y th&acirc;n cho đơn vị du lịch để v&agrave;o t&ecirc;n xuất v&eacute; v&agrave; mua bảo hiểm du lịch. Những giấy tờ c&aacute; nh&acirc;n của kh&aacute;ch h&agrave;ng (CMND hoặc Passport) thuộc về tr&aacute;ch nhiệm của kh&aacute;ch h&agrave;ng. Mọi vấn đề như h&igrave;nh ảnh, th&ocirc;ng tin giấy tờ trong bản gốc bị mờ, kh&ocirc;ng r&otilde; r&agrave;ng; Passport, CMND hết hạn,&hellip; kh&ocirc;ng đ&uacute;ng quy định của ph&aacute;p luật Việt Nam, Du Lịch Việt sẽ kh&ocirc;ng chịu tr&aacute;ch nhiệm v&agrave; sẽ kh&ocirc;ng ho&agrave;n trả bất cứ chi ph&iacute; ph&aacute;t sinh n&agrave;o.<br />\r\n-&nbsp;&nbsp; &nbsp;Đối với kh&aacute;ch Nước ngo&agrave;i/Việt Kiều: Khi đi tour phải mang theo đầy đủ Passport (Hộ Chiếu), Visa Việt Nam bản ch&iacute;nh c&ograve;n hạn sử dụng l&agrave;m thủ tục l&ecirc;n m&aacute;y bay theo qui định h&agrave;ng kh&ocirc;ng. &nbsp;<br />\r\n-&nbsp;&nbsp; &nbsp;Trẻ em (dưới 12 tuổi) khi đi du lịch mang theo giấy khai sinh (bản ch&iacute;nh hoặc sao y c&oacute; thị thực c&ograve;n hạn sử dụng) để &nbsp;l&agrave;m thủ tục h&agrave;ng kh&ocirc;ng.&nbsp;<br />\r\n-&nbsp;&nbsp; &nbsp;Qu&yacute; kh&aacute;ch từ 14 tuổi bắt buộc phải c&oacute; CMND hoặc Passport (c&ograve;n hạn sử dụng), KH&Ocirc;NG SỬ DỤNG GIẤY KHAI SINH. Nếu trẻ em từ 14 tuổi chưa c&oacute; CMND hoặc Passport bắt buộc phải c&oacute;	', 'AAAAAA-CCCCCBBV', '2021-01-01', 3, 'Hà Nội', 'Bình Dương', 25),
(14, ' Khu Du Lịch Xẻo Quít', './upload/image/h.jpg', './upload/image/hh.jpg', './upload/image/hhhjpg.jpg', '<p>Điểm nhấn h&agrave;nh tr&igrave;nh</p>\r\n\r\n<table border=\"0\" cellpadding=\"1\" cellspacing=\"1\">\r\n	<tbody>\r\n		<tr>\r\n			<td><strong>H&agrave;nh tr&igrave;nh</strong></td>\r\n			<td><strong>Bình Định - Đồng Nai</strong></td>\r\n		</tr>\r\n		<tr>\r\n			<td><strong>Lịch tr&igrave;nh</strong></td>\r\n			<td><strong>3ngay 3 dem</strong></td>\r\n		</tr>\r\n		<tr>\r\n			<td><strong>Khởi h&agrave;nh</strong></td>\r\n			<td><strong></strong></td>\r\n		</tr>\r\n		<tr>\r\n			<td><strong>Vận chuyển</strong></td>\r\n			<td><strong>M&aacute;y bay khứ hồi &amp; Xe du lịch đời mới</strong></td>\r\n		</tr>\r\n		<tr>\r\n			<td>&nbsp;</td>\r\n			<td>&nbsp;</td>\r\n		</tr>\r\n	</tbody>\r\n</table>\r\n	Đồng Tháp vốn nổi tiếng với nhiều khu du lịch sinh thái tuyệt vời; trong đó khu du lịch Xẻo Quít là điểm vui chơi nghỉ dưỡng cuối tuần được rất nhiều người yêu thích. Từng là căn cứ quân sự thời kháng chiến chống  Mỹ, khi đến đây, du khách được mục sở thị những ngôi lán, nhà bếp, hố bom gần như vẫn nguyên vẹn. Và dĩ nhiên, không thể thiếu những hoạt động chèo xuồng, gỡ chài trên sông, đan giỏ v.v... cực kỳ mới lạ. \r\n	<thead>\r\n		<tr>\r\n			<th>STT</th>\r\n			<th>Ng&agrave;y khởi h&agrave;nh</th>\r\n			<th>Đặc điểm</th>\r\n			<th>Gi&aacute; từ</th>\r\n			<th>Số Chỗ</th>\r\n			<th>Book tour</th>\r\n		</tr>\r\n	</thead>\r\n	<tbody>\r\n		<tr>\r\n			<td>1</td>\r\n			<td>3/09/2021</td>\r\n			<td>Kh&aacute;ch sạn 3*</td>\r\n			<td>6,499,000đ</td>\r\n			<td>C&ograve;n 10 chỗ</td>\r\n			<td>\r\n			<p><a id=5464y2438424c4c4u25433\">Book</a>&nbsp;Chi tiết</p>\r\n			</td>\r\n		</tr>\r\n		<tr>\r\n			<td>2</td>\r\n			<td>4/09/2021</td>\r\n			<td>Kh&aacute;ch sạn 3*</td>\r\n			<td>6,699,000đ</td>\r\n			<td>C&ograve;n 10 chỗ</td>\r\n			<td>\r\n			<p><a id=5464y2438424c4c4u264u2\">Book</a>&nbsp;Chi tiết</p>\r\n			</td>\r\n		</tr>\r\n		<tr>\r\n			<td>3</td>\r\n			<td>5/09/2021</td>\r\n			<td>Kh&aacute;ch sạn 3*</td>\r\n			<td>6,499,000đ</td>\r\n			<td>C&ograve;n 10 chỗ</td>\r\n			<td>\r\n			<p><a id=5464y2438424c4c4u264v2\">Book</a>&nbsp;Chi tiết</p>\r\n			</td>\r\n		</tr>\r\n	</tbody>\r\n</table>\r\n\r\n<p>Ghi ch&uacute;</p>\r\n\r\n<p><strong>Gi&aacute; vé dành cho trẻ em:</strong><br />\r\n-&nbsp;&nbsp; &nbsp;Trẻ em dưới 02 tuổi: miễn gi&aacute; tour, gi&aacute; v&eacute; m&aacute;y bay theo quy định của h&atilde;ng h&agrave;ng kh&ocirc;ng, Cha, Mẹ hoặc người th&acirc;n đi k&egrave;m tự lo c&aacute;c chi ph&iacute; ăn, ngủ, tham quan (nếu c&oacute;) cho b&eacute;.&nbsp;<br />\r\n-&nbsp;&nbsp; &nbsp;Trẻ em từ 02 &ndash; dưới 05 tuổi: 100% gi&aacute; v&eacute; m&aacute;y bay; miễn gi&aacute; tour. Cha, Mẹ hoặc người th&acirc;n đi k&egrave;m tự lo c&aacute;c chi ph&iacute; ăn, ngủ, tham quan (nếu c&oacute;) cho b&eacute;. Hai người lớn chỉ k&egrave;m 1 trẻ em dưới 5 tuổi, trẻ em thứ 2 trở l&ecirc;n phải mua &frac12; v&eacute; tour.<br />\r\n-&nbsp;&nbsp; &nbsp;Trẻ em từ 05 &ndash; dưới 11 tuổi: 100% gi&aacute; v&eacute; m&aacute;y bay; 50% gi&aacute; tour. Bao gồm c&aacute;c dịch vụ ăn uống, ghế ngồi tr&ecirc;n xe v&agrave; ngủ chung với gia đ&igrave;nh. Hai người lớn chỉ được k&egrave;m 1 trẻ em từ 5 đến dưới 11 tuổi, trẻ em thứ 2 trở l&ecirc;n Cha, Mẹ n&ecirc;n mua th&ecirc;m 1 suất giường đơn.<br />\r\n-&nbsp;&nbsp; &nbsp;Từ 11 tuổi trở l&ecirc;n: 100% gi&aacute; tour v&agrave; ti&ecirc;u chuẩn như người lớn.<br />\r\nQuy định thanh to&aacute;n, hủy v&eacute;:<br />\r\n-&nbsp;&nbsp; &nbsp;Sau khi x&aacute;c nhận v&agrave; thanh to&aacute;n (&iacute;t nhất 50% tiền cọc giữ chỗ v&agrave; thanh to&aacute;n đủ 100% tổng gi&aacute; trị tiền tour trước 15 ng&agrave;y khởi h&agrave;nh).<br />\r\n-&nbsp;&nbsp; &nbsp; Khi đến ng&agrave;y thanh to&aacute;n đủ 100% tổng gi&aacute; trị tiền tour, nếu Qu&yacute; kh&aacute;ch kh&ocirc;ng thanh to&aacute;n đ&uacute;ng hạn v&agrave; đ&uacute;ng số tiền được xem như Qu&yacute; kh&aacute;ch tự &yacute; huỷ tour v&agrave; mất hết số tiền đ&atilde; đặt cọc giữ chỗ.<br />\r\n-&nbsp;&nbsp; &nbsp;V&eacute; M&aacute;y Bay / v&eacute; xe lửa / v&eacute; t&agrave;u cao tốc được xuất ngay sau khi qu&yacute; kh&aacute;ch đ&oacute;ng tiền v&agrave; c&oacute; x&aacute;c nhận sự ch&iacute;nh x&aacute;c về họ, t&ecirc;n (đ&uacute;ng từng k&yacute; tự ghi trong hộ chiếu hoặc CMND), ng&agrave;y-th&aacute;ng-năm sinh &hellip; của h&agrave;nh kh&aacute;ch theo y&ecirc;u cầu của h&atilde;ng vận chuyển. Mọi sự thay đổi li&ecirc;n quan đến v&eacute; đ&atilde; xuất: ng&agrave;y giờ đi, t&ecirc;n h&agrave;nh kh&aacute;ch, hủy v&eacute;, qu&yacute; kh&aacute;ch vui l&ograve;ng chịu chi ph&iacute; theo qui định sau:<br />\r\n* &nbsp; &nbsp;Ngay sau khi Qu&yacute; kh&aacute;ch đăng k&yacute; tour nếu hủy sẽ bị phạt tiền tour v&agrave; v&eacute; m&aacute;y bay: &nbsp;<br />\r\n-&nbsp;&nbsp; &nbsp;Ngay sau khi đặt cọc hoặc thanh to&aacute;n hoặc trước 15 ng&agrave;y: ph&iacute; hủy 35% tiền tour+ 100% V&eacute; m&aacute;y bay.<br />\r\n-&nbsp;&nbsp; &nbsp;Hủy 10 ng&agrave;y trước ng&agrave;y khởi h&agrave;nh: ph&iacute; hủy 50% tiền tour + 100% v&eacute; m&aacute;y bay.<br />\r\n-&nbsp;&nbsp; &nbsp;Hủy 07 ng&agrave;y trước ng&agrave;y khởi h&agrave;nh: ph&iacute; hủy 70% tiền tour &nbsp;+ 100% v&eacute; m&aacute;y bay.<br />\r\n-&nbsp;&nbsp; &nbsp;Hủy &nbsp;05 ng&agrave;y trước ng&agrave;y khởi h&agrave;nh: ph&iacute; hủy 100% tiền tour &nbsp;+ 100% v&eacute; m&aacute;y bay.&nbsp;<br />\r\n-&nbsp;&nbsp; &nbsp;Trường hợp qu&yacute; kh&aacute;ch đến trễ giờ khởi h&agrave;nh được t&iacute;nh l&agrave; hủy 5 ng&agrave;y trước ng&agrave;y khởi h&agrave;nh.<br />\r\n-&nbsp;&nbsp; &nbsp;Do t&iacute;nh chất l&agrave; đo&agrave;n gh&eacute;p kh&aacute;ch lẻ, Du Lịch Việt sẽ c&oacute; tr&aacute;ch nhiệm nhận kh&aacute;ch đăng k&yacute; cho đủ đo&agrave;n (10 kh&aacute;ch người lớn trở l&ecirc;n) th&igrave; đo&agrave;n sẽ khởi h&agrave;nh đ&uacute;ng lịch tr&igrave;nh. Nếu số lượng đo&agrave;n dưới 10 kh&aacute;ch, c&ocirc;ng ty c&oacute; tr&aacute;ch nhiệm th&ocirc;ng b&aacute;o cho kh&aacute;ch trước ng&agrave;y khởi h&agrave;nh 3 ng&agrave;y v&agrave; sẽ thỏa thuận lại ng&agrave;y khởi h&agrave;nh mới hoặc ho&agrave;n trả to&agrave;n bộ số tiền đ&atilde; đặt cọc tour.<br />\r\n-&nbsp;&nbsp; &nbsp;Việc huỷ bỏ chuyến đi phải được th&ocirc;ng b&aacute;o trực tiếp với C&ocirc;ng ty hoặc qua fax, email, tin nhắn v&agrave; phải được C&ocirc;ng ty x&aacute;c nhận. Việc huỷ bỏ bằng điện thoại kh&ocirc;ng được chấp nhận.<br />\r\n-&nbsp;&nbsp; &nbsp;C&aacute;c ng&agrave;y đặt cọc, thanh to&aacute;n, huỷ v&agrave; dời tour: kh&ocirc;ng t&iacute;nh thứ 7, Chủ Nhật.<br />\r\n-&nbsp;&nbsp; &nbsp;Trong những trường hợp bất khả kh&aacute;ng như: khủng bố, bạo động, thi&ecirc;n tai, lũ lụt&hellip; Tuỳ theo t&igrave;nh h&igrave;nh thực tế v&agrave; sự thuận tiện, an to&agrave;n của kh&aacute;ch h&agrave;ng, c&ocirc;ng ty Du Lịch sẽ chủ động th&ocirc;ng b&aacute;o cho kh&aacute;ch h&agrave;ng sự thay đổi như sau: huỷ hoặc thay thế bằng một chương tr&igrave;nh mới với chi ph&iacute; tương đương chương tr&igrave;nh tham quan trước đ&oacute;. Trong trường hợp chương tr&igrave;nh mới c&oacute; ph&aacute;t sinh th&igrave; Kh&aacute;ch h&agrave;ng sẽ thanh to&aacute;n khoản ph&aacute;t sinh n&agrave;y. Tuy nhi&ecirc;n, mỗi b&ecirc;n c&oacute; tr&aacute;ch nhiệm cố gắng tối đa, gi&uacute;p đỡ b&ecirc;n bị thiệt hại nhằm giảm thiểu c&aacute;c tổn thất g&acirc;y ra v&igrave; l&yacute; do bất khả kh&aacute;ng.&hellip;<br />\r\n-&nbsp;&nbsp; &nbsp;Đối với sự thay đổi lịch tr&igrave;nh, giờ bay do lỗi của h&atilde;ng h&agrave;ng kh&ocirc;ng, t&agrave;u hoả, t&agrave;u thuỷ, Du Lịch Việt sẽ kh&ocirc;ng chịu tr&aacute;ch nhiệm bất kỳ ph&aacute;t sinh n&agrave;o do lỗi tr&ecirc;n như: ph&aacute;t sinh bữa ăn, nh&agrave; h&agrave;ng, kh&aacute;ch sạn, phương tiện di chuyển, hướng dẫn vi&ecirc;n, &hellip;.&nbsp;</p>\r\n\r\n<p><strong>ĐIỀU KIỆN BẢO LƯU TOUR DO ẢNH HƯỞNG CỦA DỊCH COVID&nbsp;</strong><br />\r\n1. Kh&aacute;ch h&agrave;ng thuộc c&aacute;c điều kiện như sau:</p>\r\n\r\n<p>&bull; Kh&aacute;ch c&oacute; tour đi đến V&ugrave;ng đang c&oacute; Dịch, đang bị phong tỏa c&aacute;ch ly hoặc giản c&aacute;ch x&atilde; hội.</p>\r\n\r\n<p>&bull; Kh&aacute;ch đang bị c&aacute;ch ly phong tỏa do khu vực kh&aacute;ch lưu tr&uacute; đang nằm trong v&ugrave;ng Dịch.</p>\r\n\r\n<p>&bull; Kh&aacute;ch l&agrave; trường hợp F1, F2, F3,&hellip;đang được y&ecirc;u cầu c&aacute;ch ly tại nh&agrave; hoặc c&oacute; tiếp x&uacute;c qua người nghi nhiễm.&nbsp;<br />\r\n2. Kh&aacute;ch h&agrave;ng, nếu thuộc trong c&aacute;c trường hợp n&ecirc;u tr&ecirc;n sẽ được Bảo lưu tour cụ thể như sau:</p>\r\n\r\n<p>&bull; Bảo lưu trong thời gian 365 ng&agrave;y kể từ ng&agrave;y kh&aacute;ch th&ocirc;ng b&aacute;o cho c&ocirc;ng ty. Lưu &yacute;: Kh&aacute;ch h&agrave;ng phải cung cấp đầy đủ giấy tờ chứng minh đang thuộc c&aacute;c trường hợp tr&ecirc;n bao gồm : chứng minh nh&acirc;n d&acirc;n , sổ hộ khẩu, giấy x&aacute;c nhận của địa phương ( nếu thuộc điều kiện 2,3)<br />\r\n3.Trường hợp một số điểm tham quan trong chương tr&igrave;nh nằm trong v&ugrave;ng dịch, C&ocirc;ng ty sẽ thay đổi h&agrave;nh trinh, điểm tham quan hợp l&yacute; nhất.</p>\r\n\r\n<p><strong>Lưu &yacute; :</strong><br />\r\n-&nbsp;&nbsp; &nbsp;Khi đăng k&yacute; tour kh&aacute;ch h&agrave;ng bắt buộc phải gởi giấy tờ t&ugrave;y th&acirc;n cho đơn vị du lịch để v&agrave;o t&ecirc;n xuất v&eacute; v&agrave; mua bảo hiểm du lịch. Những giấy tờ c&aacute; nh&acirc;n của kh&aacute;ch h&agrave;ng (CMND hoặc Passport) thuộc về tr&aacute;ch nhiệm của kh&aacute;ch h&agrave;ng. Mọi vấn đề như h&igrave;nh ảnh, th&ocirc;ng tin giấy tờ trong bản gốc bị mờ, kh&ocirc;ng r&otilde; r&agrave;ng; Passport, CMND hết hạn,&hellip; kh&ocirc;ng đ&uacute;ng quy định của ph&aacute;p luật Việt Nam, Du Lịch Việt sẽ kh&ocirc;ng chịu tr&aacute;ch nhiệm v&agrave; sẽ kh&ocirc;ng ho&agrave;n trả bất cứ chi ph&iacute; ph&aacute;t sinh n&agrave;o.<br />\r\n-&nbsp;&nbsp; &nbsp;Đối với kh&aacute;ch Nước ngo&agrave;i/Việt Kiều: Khi đi tour phải mang theo đầy đủ Passport (Hộ Chiếu), Visa Việt Nam bản ch&iacute;nh c&ograve;n hạn sử dụng l&agrave;m thủ tục l&ecirc;n m&aacute;y bay theo qui định h&agrave;ng kh&ocirc;ng. &nbsp;<br />\r\n-&nbsp;&nbsp; &nbsp;Trẻ em (dưới 12 tuổi) khi đi du lịch mang theo giấy khai sinh (bản ch&iacute;nh hoặc sao y c&oacute; thị thực c&ograve;n hạn sử dụng) để &nbsp;l&agrave;m thủ tục h&agrave;ng kh&ocirc;ng.&nbsp;<br />\r\n-&nbsp;&nbsp; &nbsp;Qu&yacute; kh&aacute;ch từ 14 tuổi bắt buộc phải c&oacute; CMND hoặc Passport (c&ograve;n hạn sử dụng), KH&Ocirc;NG SỬ DỤNG GIẤY KHAI SINH. Nếu trẻ em từ 14 tuổi chưa c&oacute; CMND hoặc Passport bắt buộc phải c&oacute;	', 'AAAAAA-CCCCCBBV', '2021-03-09', 3, 'Phú Yên', 'Đồng Tháp', 25);

-- --------------------------------------------------------

--
-- Cấu trúc bảng cho bảng `user`
--

CREATE TABLE `user` (
  `id` int(11) NOT NULL,
  `email` varchar(100) COLLATE utf8_unicode_ci NOT NULL,
  `password` varchar(24) COLLATE utf8_unicode_ci NOT NULL,
  `name` varchar(100) COLLATE utf8_unicode_ci NOT NULL,
  `phonenumber` varchar(15) COLLATE utf8_unicode_ci NOT NULL,
  `address` varchar(350) COLLATE utf8_unicode_ci NOT NULL
) ENGINE=InnoDB DEFAULT CHARSET=utf8 COLLATE=utf8_unicode_ci;

--
-- Đang đổ dữ liệu cho bảng `user`
--

INSERT INTO `user` (`id`, `email`, `password`, `name`, `phonenumber`, `address`) VALUES
(0, 'admin', '160799881', 'Admin', '0347194217', '................................'),
(8, 'tanchan679@gmail.com', '160799881', 'Tẩn Cù Chảnn', '0347194217', 'NGÕ 170, PHỐ HỒN MA, THÀNH THỐ ĐẬP ĐÁ'),
(10, 'tanchan67g9@gmail.com', '160799881', 'hghfghfg', '654645', '645645654645'),
(11, 'a@gmail.com', '12345678', '2a65', '113', 'moutain'),
(15, 'hgjfhg@gfd.com', '123456', 'hạnh', '656565', 'jgh');

--
-- Chỉ mục cho các bảng đã đổ
--

--
-- Chỉ mục cho bảng `comment`
--
ALTER TABLE `comment`
  ADD PRIMARY KEY (`id`);

--
-- Chỉ mục cho bảng `comment_travelviewing`
--
ALTER TABLE `comment_travelviewing`
  ADD PRIMARY KEY (`id`);

--
-- Chỉ mục cho bảng `posts`
--
ALTER TABLE `posts`
  ADD PRIMARY KEY (`id`);

--
-- Chỉ mục cho bảng `slide`
--
ALTER TABLE `slide`
  ADD PRIMARY KEY (`id_slide`);

--
-- Chỉ mục cho bảng `tbl_admin`
--
ALTER TABLE `tbl_admin`
  ADD PRIMARY KEY (`id_admin`);

--
-- Chỉ mục cho bảng `tbl_baiviet`
--
ALTER TABLE `tbl_baiviet`
  ADD PRIMARY KEY (`id`);

--
-- Chỉ mục cho bảng `tbl_binhluan`
--
ALTER TABLE `tbl_binhluan`
  ADD PRIMARY KEY (`id_binhluan`);

--
-- Chỉ mục cho bảng `tbl_dangky`
--
ALTER TABLE `tbl_dangky`
  ADD PRIMARY KEY (`id_dangky`);

--
-- Chỉ mục cho bảng `tbl_danhmuc`
--
ALTER TABLE `tbl_danhmuc`
  ADD PRIMARY KEY (`id_danhmuc`);

--
-- Chỉ mục cho bảng `tbl_danhmucbaiviet`
--
ALTER TABLE `tbl_danhmucbaiviet`
  ADD PRIMARY KEY (`id_baiviet`);

--
-- Chỉ mục cho bảng `tbl_lienhe`
--
ALTER TABLE `tbl_lienhe`
  ADD PRIMARY KEY (`id`);

--
-- Chỉ mục cho bảng `tbl_sanpham`
--
ALTER TABLE `tbl_sanpham`
  ADD PRIMARY KEY (`id_sanpham`);

--
-- Chỉ mục cho bảng `tbl_thongke`
--
ALTER TABLE `tbl_thongke`
  ADD PRIMARY KEY (`id`);

--
-- Chỉ mục cho bảng `travelviewing`
--
ALTER TABLE `travelviewing`
  ADD PRIMARY KEY (`id`);

--
-- Chỉ mục cho bảng `user`
--
ALTER TABLE `user`
  ADD UNIQUE KEY `name` (`id`,`email`,`password`);

--
-- AUTO_INCREMENT cho các bảng đã đổ
--

--
-- AUTO_INCREMENT cho bảng `comment`
--
ALTER TABLE `comment`
  MODIFY `id` int(11) NOT NULL AUTO_INCREMENT, AUTO_INCREMENT=84;

--
-- AUTO_INCREMENT cho bảng `comment_travelviewing`
--
ALTER TABLE `comment_travelviewing`
  MODIFY `id` int(11) NOT NULL AUTO_INCREMENT, AUTO_INCREMENT=9;

--
-- AUTO_INCREMENT cho bảng `posts`
--
ALTER TABLE `posts`
  MODIFY `id` int(11) NOT NULL AUTO_INCREMENT, AUTO_INCREMENT=17;

--
-- AUTO_INCREMENT cho bảng `slide`
--
ALTER TABLE `slide`
  MODIFY `id_slide` int(11) NOT NULL AUTO_INCREMENT;

--
-- AUTO_INCREMENT cho bảng `tbl_admin`
--
ALTER TABLE `tbl_admin`
  MODIFY `id_admin` int(11) NOT NULL AUTO_INCREMENT, AUTO_INCREMENT=2;

--
-- AUTO_INCREMENT cho bảng `tbl_baiviet`
--
ALTER TABLE `tbl_baiviet`
  MODIFY `id` int(11) NOT NULL AUTO_INCREMENT, AUTO_INCREMENT=18;

--
-- AUTO_INCREMENT cho bảng `tbl_binhluan`
--
ALTER TABLE `tbl_binhluan`
  MODIFY `id_binhluan` int(11) NOT NULL AUTO_INCREMENT, AUTO_INCREMENT=56;

--
-- AUTO_INCREMENT cho bảng `tbl_dangky`
--
ALTER TABLE `tbl_dangky`
  MODIFY `id_dangky` int(11) NOT NULL AUTO_INCREMENT, AUTO_INCREMENT=36;

--
-- AUTO_INCREMENT cho bảng `tbl_danhmuc`
--
ALTER TABLE `tbl_danhmuc`
  MODIFY `id_danhmuc` int(11) NOT NULL AUTO_INCREMENT, AUTO_INCREMENT=53;

--
-- AUTO_INCREMENT cho bảng `tbl_danhmucbaiviet`
--
ALTER TABLE `tbl_danhmucbaiviet`
  MODIFY `id_baiviet` int(11) NOT NULL AUTO_INCREMENT, AUTO_INCREMENT=11;

--
-- AUTO_INCREMENT cho bảng `tbl_lienhe`
--
ALTER TABLE `tbl_lienhe`
  MODIFY `id` int(11) NOT NULL AUTO_INCREMENT, AUTO_INCREMENT=2;

--
-- AUTO_INCREMENT cho bảng `tbl_sanpham`
--
ALTER TABLE `tbl_sanpham`
  MODIFY `id_sanpham` int(11) NOT NULL AUTO_INCREMENT, AUTO_INCREMENT=64;

--
-- AUTO_INCREMENT cho bảng `tbl_thongke`
--
ALTER TABLE `tbl_thongke`
  MODIFY `id` int(11) NOT NULL AUTO_INCREMENT, AUTO_INCREMENT=16;

--
-- AUTO_INCREMENT cho bảng `travelviewing`
--
ALTER TABLE `travelviewing`
  MODIFY `id` int(11) NOT NULL AUTO_INCREMENT, AUTO_INCREMENT=15;

--
-- AUTO_INCREMENT cho bảng `user`
--
ALTER TABLE `user`
  MODIFY `id` int(11) NOT NULL AUTO_INCREMENT, AUTO_INCREMENT=16;
COMMIT;

/*!40101 SET CHARACTER_SET_CLIENT=@OLD_CHARACTER_SET_CLIENT */;
/*!40101 SET CHARACTER_SET_RESULTS=@OLD_CHARACTER_SET_RESULTS */;
/*!40101 SET COLLATION_CONNECTION=@OLD_COLLATION_CONNECTION */;
